ValenceChange,ArousalChange,MoodChange,ID,StudyID,InitStart,InitStartSong,InitStartSpotifyID,InitStartArtist,InitStartTracktime,InitValence,InitArousal,Mood,InitIntensity,ValenceAim,ArousalAim,MoodAim,Listeners,Location,Activity,InitEnd,InitEndSong,InitEndSpotifyID,InitEndArtist,InitEndTracktime,MainStart,MainStartSong,MainStartSpotifyID,MainStartArtist,MainStartTracktime,MainValence,MainArousal,MainIntensity,MainMusicValence,MainMusicArousal,MusicAttention,Familiar,MainEnjoy,SuitActivity,ReasonMain,ReasonMain_label,Reason,Reason_label,ReasonSuccess,Strat,Strat2,MainEnd,MainEndSong,MainEndSpotifyID,MainEndArtist,MainEndTracktime,MoodText,ValenceText,ArousalText,MoodSuccess,ValenceSuccess,ArousalSuccess,SuitableText,ReasonSuccessText,LongID
0,0,0,3377,107,08/11/2022 09:51:53,Submission is for the Weak,spotify:track:601epSonNvDvFh8qjqMLB2,Anaal Nathrakh,88859,3,6,Motivated,6,1,1,1,Only me (headphones),Work,Working (low effort),08/11/2022 09:52:03,Submission is for the Weak,spotify:track:601epSonNvDvFh8qjqMLB2,Anaal Nathrakh,98999,08/11/2022 09:58:09,Paradigm Shift - Annihilation,spotify:track:6gNaDQXwTyacQ3w1GxsT3A,Anaal Nathrakh,"36,033",3,6,6,-4,7,5,5,6,5,Tekemiseni vuoksi (tämän hetkisen tekemiseni),Activity,Nauttiakseni siitä mitä teen,For enjoyment of what I'm doing,"Yes, mostly",,,08/11/2022 09:58:18,Paradigm Shift - Annihilation,spotify:track:6gNaDQXwTyacQ3w1GxsT3A,Anaal Nathrakh,"44,985",Very Motivated,Very positive,Very high energy,0,0,0,High,Mostly,36fc3537e5628476
-1,1,0,3385,107,08/11/2022 09:52:18,Appelsiinilehtoon,spotify:track:4D5FxiFf6bZz13qRq8R7v9,Yölintu,40080,2,4,Content,5,0,0,0,Only me (speakers),Work,Nothing / waiting,08/11/2022 09:52:22,Appelsiinilehtoon,spotify:track:4D5FxiFf6bZz13qRq8R7v9,Yölintu,44614,08/11/2022 09:58:20,,,,0,1,5,5,3,6,5,7,6,6,Tekemiseni vuoksi (tämän hetkisen tekemiseni),Activity,Tekemiseni taustamusiikkina,For background to what I'm doing,No (other reasons),,,08/11/2022 09:58:24,,,,0,Very Content,Positive,Medium energy,1,-1,1,Very high,No (other),a652bf1d62b29429
0,0,0,3386,107,08/11/2022 09:54:09,In the Shadows,spotify:track:6ql0ffq6Jvyh9OKqrJCMaP,Amy Stroup,41624,0,4,Neutral,,0,0,0,Only me (headphones),Work,Nothing / waiting,08/11/2022 09:54:21,In the Shadows,spotify:track:6ql0ffq6Jvyh9OKqrJCMaP,Amy Stroup,53347,08/11/2022 10:03:19,Highway Tune,spotify:track:27wbXcZKmqNV85Iz0SIJpI,Greta Van Fleet,"66,653",0,4,,0,4,4,4,4,4,Tekemiseni vuoksi (tämän hetkisen tekemiseni),Activity,Vastaamaan nykyisen toimintani energiaa,To match energy of current activity,No (other reasons),,,08/11/2022 10:03:36,Highway Tune,spotify:track:27wbXcZKmqNV85Iz0SIJpI,Greta Van Fleet,"84,007",Neutral,Neutral,Medium energy,1,1,1,Medium,No (other),71403c56a575c7e8
0,1,0,3384,107,08/11/2022 10:28:08,Rich Flex,spotify:track:1bDbXMyjaUIooNwFE9wn0N,Drake,11194,1,4,Neutral,,0,0,0,Only me (speakers),Work,Relaxing / meditating,08/11/2022 10:28:09,Rich Flex,spotify:track:1bDbXMyjaUIooNwFE9wn0N,Drake,12427,08/11/2022 10:34:10,Miss You,spotify:track:73vIOb4Q7YN6HeJTbscRx5,Oliver Tree,"76,047",1,5,,0,4,4,4,4,4,Mielialani vuoksi (Neutraali),Mood,Säilyttääkseni Neutraali mielialani,To maintain <Mood> mood,"Yes, completely",Thoughts,Accepting my thoughts,08/11/2022 10:34:17,Miss You,spotify:track:73vIOb4Q7YN6HeJTbscRx5,Oliver Tree,"82,982",Neutral,Slightly positive,Medium energy,1,1,1,Medium,Completely,f0575572c1bfdeac
0,0,0,3390,107,08/11/2022 11:49:21,Good As It Gets,spotify:track:79HFFYAPOd80mvfOkwDv1n,Little Hurt,45138,0,3,Worried,6,1,1,-1,Only me (headphones),Work,Working (low effort),08/11/2022 11:49:30,Good As It Gets,spotify:track:79HFFYAPOd80mvfOkwDv1n,Little Hurt,53625,08/11/2022 11:55:48,Syvissä Vesissä,spotify:track:1apqQsqvN3yZqZAQVU67ip,Turmion Kätilöt,"10,823",0,3,6,-1,6,3,7,6,3,Tekemiseni vuoksi (tämän hetkisen tekemiseni),Activity,Keskittyäkseni,For focus / concentration,"Yes, mostly",,,08/11/2022 11:55:56,Syvissä Vesissä,spotify:track:1apqQsqvN3yZqZAQVU67ip,Turmion Kätilöt,"19,161",Very Worried,Neutral,Low energy,0,0,0,Low,Mostly,3ce23a7307982f82
2,0,-2,3386,98,08/11/2022 15:00:45,The End,spotify:track:1rHajuCUzX0QFQ9IVNt9pI,Diane Birch,32881,-3,5,Annoyed,5,1,0,-1,Only me (headphones),Travelling / commuting,In a car (commute),08/11/2022 15:00:51,The End,spotify:track:1rHajuCUzX0QFQ9IVNt9pI,Diane Birch,39063,08/11/2022 15:09:40,Trouble’s Coming,spotify:track:5eR6OS3joTAHJToyzehKfu,Royal Blood,"75,232",-1,5,3,1,5,6,1,6,6,To relax / calm down,Relax,To calm down,To calm down,"No, I need more time",By distracting myself,Distracting myself from my thoughts,08/11/2022 15:09:46,Trouble’s Coming,spotify:track:5eR6OS3joTAHJToyzehKfu,Royal Blood,"81,346",Very Annoyed,Very negative,High energy,1,1,1,Very high,No (time),71403c56a575c7e8
-1,0,0,3390,107,08/11/2022 15:19:25,Crucified,spotify:track:2IDvSchzvRtkWI0cAd45IA,Ghost,42728,3,2,Hopeful,5,1,1,1,Only me (headphones),Travelling / commuting,On transport: nothing,08/11/2022 15:19:29,Crucified,spotify:track:2IDvSchzvRtkWI0cAd45IA,Ghost,46479,08/11/2022 15:24:46,Blood On My Name,spotify:track:0oDZeHlximkFyBB8BmZ3ga,The Brothers Bright,"51,260",2,2,5,1,5,7,7,7,7,Tavan vuoksi / Ajankuluksi,Boredom,Että olisi jotain tekemistä,To have something to do,"Yes, mostly",,,08/11/2022 15:24:47,Blood On My Name,spotify:track:0oDZeHlximkFyBB8BmZ3ga,The Brothers Bright,"52,543",Very Hopeful,Very positive,Very low energy,0,-1,0,Extremely high,Mostly,3ce23a7307982f82
1,0,0,3389,98,08/11/2022 15:25:30,"The Court Of The Crimson King - Including ""The Return of the Fire Witch"" and ""The Dance of the Puppets""",spotify:track:05xYoVj6QuFk0U7PVl5Tf2,King Crimson,57106,0,3,Calm,5,0,0,0,Only me (headphones),Travelling / commuting,On bus / train / plane,08/11/2022 15:25:40,"The Court Of The Crimson King - Including ""The Return of the Fire Witch"" and ""The Dance of the Puppets""",spotify:track:05xYoVj6QuFk0U7PVl5Tf2,King Crimson,67312,08/11/2022 15:31:46,"The Court Of The Crimson King - Including ""The Return of the Fire Witch"" and ""The Dance of the Puppets""",spotify:track:05xYoVj6QuFk0U7PVl5Tf2,King Crimson,"432,735",1,3,5,-2,5,5,7,7,7,For what I am doing (current activity),Activity,For background to what I'm doing,For background to <Activity>,"Yes, mostly",,,08/11/2022 15:31:55,"The Court Of The Crimson King - Including ""The Return of the Fire Witch"" and ""The Dance of the Puppets""",spotify:track:05xYoVj6QuFk0U7PVl5Tf2,King Crimson,"442,027",Very Calm,Neutral,Low energy,1,1,1,Extremely high,Mostly,384efaee4b76c4e6
0,0,0,3387,107,08/11/2022 16:03:17,I Think I'm Going To Kill Myself,spotify:track:4q7tMaar2kUMweKu6N5bZz,Elton John,34306,1,3,Neutral,,0,0,0,Only me (headphones),Travelling / commuting,Walking (commute),08/11/2022 16:03:26,I Think I'm Going To Kill Myself,spotify:track:4q7tMaar2kUMweKu6N5bZz,Elton John,43978,08/11/2022 16:10:37,In My Room,spotify:track:7jKHJoOij35nfpq6PYHlFH,Insane Clown Posse,"119,442",1,3,,-2,5,7,7,7,7,Tekemiseni vuoksi (tämän hetkisen tekemiseni),Activity,Saadakseni huomioni pois siitä mitä olen tekemässä,To distract from what I'm doing,"Yes, a little",,,08/11/2022 16:10:43,In My Room,spotify:track:7jKHJoOij35nfpq6PYHlFH,Insane Clown Posse,"5,452",Neutral,Slightly positive,Low energy,1,1,1,Extremely high,Slightly,d0c6b1006f2c5b23
1,1,-2,3385,107,08/11/2022 16:16:11,Tumma nainen,,Lea Laven,7474,-1,2,Tired,5,1,1,-1,Only me (speakers),Travelling / commuting,In a car (commute),08/11/2022 16:16:34,Tumma nainen,,Lea Laven,30429,08/11/2022 16:37:05,Pakko painaa pitkää päivää,,Kake Randelin,"45,496",0,3,3,4,6,5,7,5,3,Mielialani vuoksi (Väsynyt),Mood,Paetakseni /unohtaakseni ongelmat,To escape / forget problems,"Yes, mostly",Entertain,Shutting off my thoughts,08/11/2022 16:37:14,Pakko painaa pitkää päivää,,Kake Randelin,"54,571",Very Tired,Slightly negative,Very low energy,1,1,1,Low,Mostly,a652bf1d62b29429
0,2,0,3377,107,08/11/2022 16:52:39,I Am Hated,spotify:track:1hrDDgkVbbS5bySL8uHLh3,Slipknot,54635,1,3,Tired,5,1,1,-1,Only me (headphones),Travelling / commuting,Walking (commute),08/11/2022 16:52:44,I Am Hated,spotify:track:1hrDDgkVbbS5bySL8uHLh3,Slipknot,59700,08/11/2022 17:00:19,Puhdasverinen Vihaaja,spotify:track:2k2yWLctky1GAOgqu60Cu8,LÄHIÖBOTOX,"71,341",1,5,5,-4,6,5,6,7,5,Rentoutuakseni / Rauhoittuakseni,Relax,Vähentääkseni stressiä / ahdistusta,To reduce stress / anxiety,"Yes, a little",Distract,Distracting myself from my thoughts,08/11/2022 17:00:21,Puhdasverinen Vihaaja,spotify:track:2k2yWLctky1GAOgqu60Cu8,LÄHIÖBOTOX,"73,880",Very Tired,Slightly positive,Low energy,0,0,1,High,Slightly,36fc3537e5628476
1,2,1,3383,107,08/11/2022 18:08:07,Chupa - Sevenn Hybrid Techno Remix,spotify:track:25WOUSnf9Pi6SsmzCZQbtC,Blasterjaxx,59363,1,4,Content,5,1,1,1,Partner / spouse,Travelling / commuting,In a car (road trip),08/11/2022 18:08:15,Chupa - Sevenn Hybrid Techno Remix,spotify:track:25WOUSnf9Pi6SsmzCZQbtC,Blasterjaxx,67250,08/11/2022 18:14:12,Fire,spotify:track:5qsLs3e56qgg8f3A8dXm0V,Odd Chap,"40,383",2,6,6,4,7,7,7,7,7,Tekemiseni vuoksi (tämän hetkisen tekemiseni),Activity,Tekemiseni taustamusiikkina,For background to what I'm doing,"Yes, completely",,,08/11/2022 18:14:22,Fire,spotify:track:5qsLs3e56qgg8f3A8dXm0V,Odd Chap,"50,779",Very Content,Slightly positive,Medium energy,1,1,1,Extremely high,Completely,ec20234090be324c
-2,0,0,3384,107,08/11/2022 20:37:42,Miss You,spotify:track:73vIOb4Q7YN6HeJTbscRx5,Oliver Tree,65317,4,6,Happy,6,1,0,1,Only me (headphones),Home,Grooming / self-care,08/11/2022 20:37:47,Miss You,spotify:track:73vIOb4Q7YN6HeJTbscRx5,Oliver Tree,70051,08/11/2022 20:44:21,STAR WALKIN' (League of Legends Worlds Anthem),spotify:track:38T0tPVZHcPZyhtOcCP7pF,Lil Nas X,"43,590",2,6,6,1,5,4,6,4,6,Tekemiseni vuoksi (tämän hetkisen tekemiseni),Activity,Tekemiseni taustamusiikkina,For background to what I'm doing,"Yes, completely",,,08/11/2022 20:44:34,STAR WALKIN' (League of Legends Worlds Anthem),spotify:track:38T0tPVZHcPZyhtOcCP7pF,Lil Nas X,"56,437",Very Happy,Extremely positive,Very high energy,0,-1,1,Very high,Completely,f0575572c1bfdeac
1,0,0,3377,107,09/11/2022 07:25:53,Dead Inside,spotify:track:30ujC8EcyHUDConnZyTqXC,Chimaira,45499,1,5,Motivated,5,1,1,1,Only me (headphones),Travelling / commuting,On transport: nothing,09/11/2022 07:25:58,Dead Inside,spotify:track:30ujC8EcyHUDConnZyTqXC,Chimaira,51051,09/11/2022 07:31:38,Dig,spotify:track:7vrLphPq4yjaX7jiDdd2Nc,Mudvayne,"20,317",2,5,5,-2,5,5,5,5,5,Nostaakseni vireystilaani,RaiseEnergy,Motivoidakseni itseäni,To motivate myself,"Yes, mostly",,,09/11/2022 07:31:57,Dig,spotify:track:7vrLphPq4yjaX7jiDdd2Nc,Mudvayne,"39,114",Very Motivated,Slightly positive,High energy,0,1,0,High,Mostly,36fc3537e5628476
2,1,1,3391,98,09/11/2022 12:23:43,Humsafar,spotify:track:6TFESXMfJJWwccviaxGAMa,Akhil Sachdeva,83964,2,5,Loving,6,1,0,1,Only me (headphones),Home,Relaxing / meditating,09/11/2022 12:23:48,Humsafar,spotify:track:6TFESXMfJJWwccviaxGAMa,Akhil Sachdeva,89276,09/11/2022 12:31:48,Tum Hi Ho,spotify:track:56zZ48jdyY2oDXHVnwg5Di,Arijit Singh,"242,007",4,6,7,2,5,7,7,7,5,For my mood (Loving),Mood,To feel more Loving,To feel more <Mood>,"Yes, completely",By focussing on my feelings,Feeling intensely what the music expresses,09/11/2022 12:31:57,Tum Hi Ho,spotify:track:56zZ48jdyY2oDXHVnwg5Di,Arijit Singh,"251,799",Very Loving,Positive,High energy,1,1,1,High,Completely,1e02a38463b1330b
1,2,-2,3389,98,09/11/2022 15:01:10,Too Good At Goodbyes,spotify:track:1mXVgsBdtIVeCLJnSnmtdV,Sam Smith,44641,-3,1,Rejected,5,1,1,-1,Only me (headphones),Work,Working / studying,09/11/2022 15:01:13,Too Good At Goodbyes,spotify:track:1mXVgsBdtIVeCLJnSnmtdV,Sam Smith,47791,09/11/2022 15:09:09,Burning,spotify:track:2mb6YdoavL6db22p7XKJQZ,Sam Smith,"75,016",-2,3,3,-2,2,3,7,7,6,For what I am doing (current activity),Activity,For focus / concentration,For focus / concentration,"Yes, completely",,,09/11/2022 15:09:16,Burning,spotify:track:2mb6YdoavL6db22p7XKJQZ,Sam Smith,"82,277",Very Rejected,Very negative,Extremely low energy,1,1,1,Very high,Completely,384efaee4b76c4e6
-5,0,-2,3387,107,09/11/2022 15:24:41,Bad Liar,spotify:track:2RSHsoi04658QL5xgQVov3,Imagine Dragons,25815,3,5,Excited,7,0,0,0,Only me (headphones),Travelling / commuting,Walking (commute),09/11/2022 15:24:45,Bad Liar,spotify:track:2RSHsoi04658QL5xgQVov3,Imagine Dragons,29696,09/11/2022 15:31:25,Jaws,spotify:track:08YAU8YEzjXbPMBhuwwNjr,Lemon Demon,"41,504",-2,5,5,4,5,7,7,7,7,Tavan vuoksi / Ajankuluksi,Boredom,Että olisi jotain tekemistä,To have something to do,"Yes, completely",,,09/11/2022 15:31:28,Jaws,spotify:track:08YAU8YEzjXbPMBhuwwNjr,Lemon Demon,"44,686",Extremely Excited,Very positive,High energy,-1,-1,1,Extremely high,Completely,d0c6b1006f2c5b23
0,0,0,3377,107,09/11/2022 15:54:07,Tekeekö koskaan mieli lähteä synnyinseuduille,spotify:track:6ZLDNfTVsZpWX5aCnwh9Dr,Pikakassa,13215,2,5,Proud,5,1,1,1,Only me (headphones),Travelling / commuting,Walking (commute),09/11/2022 15:54:13,Tekeekö koskaan mieli lähteä synnyinseuduille,spotify:track:6ZLDNfTVsZpWX5aCnwh9Dr,Pikakassa,18687,09/11/2022 16:00:17,Suomalainen suorastaan,spotify:track:1Ag2tGvQk89CqfTN58KpVX,Pikakassa,"24,317",2,5,5,-4,6,5,6,7,5,Rentoutuakseni / Rauhoittuakseni,Relax,Rauhoittuakseni,To calm down,"Yes, a little",Entertain,Shutting off my thoughts,09/11/2022 16:00:24,Suomalainen suorastaan,spotify:track:1Ag2tGvQk89CqfTN58KpVX,Pikakassa,"31,883",Very Proud,Positive,High energy,0,0,0,High,Slightly,36fc3537e5628476
0,1,0,3377,107,09/11/2022 19:55:56,Doomsayer,spotify:track:0EyPaMQ37xhE4a3D8lLNXz,Hatebreed,33001,1,3,Lazy,5,1,1,-1,Partner / spouse,Home,Nothing / waiting,09/11/2022 19:56:00,Doomsayer,spotify:track:0EyPaMQ37xhE4a3D8lLNXz,Hatebreed,37817,09/11/2022 20:02:42,Puistossa,spotify:track:4WykP5Z0vPqC7M1NC9jC8C,Anssi Kela,"122,509",1,4,5,-1,3,4,6,5,5,Nostaakseni vireystilaani,RaiseEnergy,Nostaakseni vireystilaani,To raise energy of current activity,"Yes, a little",Entertain,Shutting off my thoughts,09/11/2022 20:03:04,Puistossa,spotify:track:4WykP5Z0vPqC7M1NC9jC8C,Anssi Kela,"144,426",Very Lazy,Slightly positive,Low energy,0,0,1,High,Slightly,36fc3537e5628476
0,0,2,3383,107,10/11/2022 07:04:04,Lose Control,spotify:track:70JpMCSGSHQ0gB1IARwoL1,Symphonix,28950,2,5,Motivated,4,1,1,1,Only me (headphones),Home,Grooming / self-care,10/11/2022 07:04:07,Lose Control,spotify:track:70JpMCSGSHQ0gB1IARwoL1,Symphonix,32412,10/11/2022 07:10:49,Cookie Thumper!,spotify:track:3hVcgm3x10wiVkJdd4MavF,Die Antwoord,"11,257",2,5,6,2,6,7,7,6,4,Tavan vuoksi / Ajankuluksi,Boredom,Pysyäkseni rutiinissa,To keep a routine,"Yes, completely",,,10/11/2022 07:10:52,Cookie Thumper!,spotify:track:3hVcgm3x10wiVkJdd4MavF,Die Antwoord,"14,971",Somewhat Motivated,Positive,High energy,1,0,0,Medium,Completely,ec20234090be324c
0,2,0,3377,107,10/11/2022 08:15:08,Until Falling,spotify:track:1oQc7ebfr4unGdUTlad9of,Stoned Statues,23535,1,3,Loving,5,1,1,1,Partner / spouse,Travelling / commuting,On transport: socialising,10/11/2022 08:15:11,Until Falling,spotify:track:1oQc7ebfr4unGdUTlad9of,Stoned Statues,26313,10/11/2022 08:21:27,Se oli SOS,spotify:track:1xutmjFPtoMsXOBzT0Denf,Maustetytöt,"139,405",1,5,5,-3,3,5,6,6,5,Nostaakseni vireystilaani,RaiseEnergy,Nostaakseni vireystilaani,To raise energy of current activity,"Yes, a little",Feelings,Being entertained,10/11/2022 08:21:31,Se oli SOS,spotify:track:1xutmjFPtoMsXOBzT0Denf,Maustetytöt,"144,061",Very Loving,Slightly positive,Low energy,0,0,1,High,Slightly,36fc3537e5628476
1,1,0,3390,107,10/11/2022 08:18:34,Animal Impulses,spotify:track:0sWBOZlhZIKN1jYPYXhsXP,IAMX,366,2,5,Motivated,6,1,1,1,Only me (headphones),Travelling / commuting,On transport: nothing,10/11/2022 08:18:38,Animal Impulses,spotify:track:0sWBOZlhZIKN1jYPYXhsXP,IAMX,4839,10/11/2022 08:25:19,Crazy,spotify:track:47jgSvqlKwGyBLPnMfeEZN,Daniela Andrade,"33,182",3,6,6,-2,2,6,7,7,5,Tavan vuoksi / Ajankuluksi,Boredom,Pysyäkseni rutiinissa,To keep a routine,"Yes, completely",,,10/11/2022 08:25:31,Crazy,spotify:track:47jgSvqlKwGyBLPnMfeEZN,Daniela Andrade,"45,068",Very Motivated,Positive,High energy,0,1,1,High,Completely,3ce23a7307982f82
0,1,0,3389,98,10/11/2022 12:11:56,"Lover, Where Do You Live?",spotify:track:3s0Kk3ELsTplu0JIrvRRta,Highasakite,37271,2,5,Motivated,6,0,0,0,Only me (headphones),Work,Working / studying,10/11/2022 12:11:57,"Lover, Where Do You Live?",spotify:track:3s0Kk3ELsTplu0JIrvRRta,Highasakite,38900,10/11/2022 12:21:32,so far away,spotify:track:3zf2lAnc3iq9QPHboWt40z,Agust D,"310,511",2,6,6,-2,3,5,6,6,7,For what I am doing (current activity),Activity,For background to what I'm doing,For background to <Activity>,"Yes, mostly",,,10/11/2022 12:21:38,so far away,spotify:track:3zf2lAnc3iq9QPHboWt40z,Agust D,"316,924",Very Motivated,Positive,High energy,1,1,1,Extremely high,Mostly,384efaee4b76c4e6
2,2,1,3387,107,10/11/2022 14:47:06,Call Me Little Sunshine,spotify:track:0MKnu4XexyK24yOOmglzsX,Ghost,13215,2,5,Hopeful,5,1,1,1,Only me (headphones),Home,Housework,10/11/2022 14:47:14,Call Me Little Sunshine,spotify:track:0MKnu4XexyK24yOOmglzsX,Ghost,21219,10/11/2022 14:54:04,Call Me Little Sunshine,spotify:track:0MKnu4XexyK24yOOmglzsX,Ghost,"28,429",4,7,6,4,7,7,7,7,5,Tekemiseni vuoksi (tämän hetkisen tekemiseni),Activity,Tekemiseni taustamusiikkina,For background to what I'm doing,"Yes, completely",,,10/11/2022 14:54:07,Call Me Little Sunshine,spotify:track:0MKnu4XexyK24yOOmglzsX,Ghost,"31,676",Very Hopeful,Positive,High energy,1,1,1,High,Completely,d0c6b1006f2c5b23
2,-1,-1,3383,107,10/11/2022 15:05:14,JEEP,spotify:track:2gUGnkgQaNTpfo2d5hZNPT,HEDEGAARD,29076,-1,6,Upset,4,1,1,-1,Only me (headphones),Other (inside),Nothing / waiting,10/11/2022 15:05:17,JEEP,spotify:track:2gUGnkgQaNTpfo2d5hZNPT,HEDEGAARD,31268,10/11/2022 15:11:34,Anjuna,spotify:track:0UxJMuoqFl3k9htjrxDfqG,Liquid Soul,"26,523",1,5,3,2,7,7,7,7,6,Rentoutuakseni / Rauhoittuakseni,Relax,Vähentääkseni stressiä / ahdistusta,To reduce stress / anxiety,"Yes, mostly",Distract,Distracting myself from my thoughts,10/11/2022 15:11:41,Anjuna,spotify:track:0UxJMuoqFl3k9htjrxDfqG,Liquid Soul,"34,106",Somewhat Upset,Slightly negative,Very high energy,1,1,-1,Very high,Mostly,ec20234090be324c
0,0,1,3383,107,11/11/2022 07:31:47,Golden Love - Mr. Frenkie Remix,spotify:track:1qmxg0bBJj2ZIJS65ZqfOk,Guru Groove Foundation,13589,3,6,Confident,5,1,1,1,Only me (headphones),Home,Grooming / self-care,11/11/2022 07:31:56,Golden Love - Mr. Frenkie Remix,spotify:track:1qmxg0bBJj2ZIJS65ZqfOk,Guru Groove Foundation,22336,11/11/2022 07:40:16,Elemental,spotify:track:2yx33cf8wV4gCCVip2vKMo,Freaks & Geeks,"14,687",3,6,6,0,4,6,7,6,3,Tekemiseni vuoksi (tämän hetkisen tekemiseni),Activity,Tekemiseni taustamusiikkina,For background to what I'm doing,"Yes, completely",,,11/11/2022 07:40:23,Elemental,spotify:track:2yx33cf8wV4gCCVip2vKMo,Freaks & Geeks,"21,353",Very Confident,Very positive,Very high energy,1,0,0,Low,Completely,ec20234090be324c
0,0,0,3384,107,11/11/2022 08:46:54,Magaluf,spotify:track:66uNjN5dWYiyJ6I4GttOgg,Costi,53630,0,4,Neutral,,0,0,0,Only me (headphones),Home,Web browsing,11/11/2022 08:46:57,Magaluf,spotify:track:66uNjN5dWYiyJ6I4GttOgg,Costi,56852,11/11/2022 08:54:32,Magaluf,spotify:track:66uNjN5dWYiyJ6I4GttOgg,Costi,"97,125",0,4,,0,4,1,4,2,1,Mielialani vuoksi (Neutraali),Mood,Säilyttääkseni Neutraali mielialani,To maintain <Mood> mood,"Yes, completely",Distract,Distracting myself from my thoughts,11/11/2022 08:54:45,Magaluf,spotify:track:66uNjN5dWYiyJ6I4GttOgg,Costi,"109,785",Neutral,Neutral,Medium energy,1,1,1,Extremely low,Completely,f0575572c1bfdeac
1,2,0,3391,98,11/11/2022 09:31:35,Dhyan De,spotify:track:3GGkFjZ88nhdsnI88ed0QB,Emiway Bantai,17673,2,5,Excited,6,1,1,1,Only me (headphones),Home,Relaxing / meditating,11/11/2022 09:31:37,Dhyan De,spotify:track:3GGkFjZ88nhdsnI88ed0QB,Emiway Bantai,19012,11/11/2022 09:38:50,Kadak Ban,spotify:track:5FmGRiHfU52RRlaiUvhd6a,Emiway Bantai,"119,797",3,7,6,4,6,6,7,6,5,For my mood (Excited),Mood,To feel more Excited,To feel more <Mood>,"Yes, completely",By focussing on my thoughts,Paying attention to the situation,11/11/2022 09:38:54,Kadak Ban,spotify:track:5FmGRiHfU52RRlaiUvhd6a,Emiway Bantai,"124,347",Very Excited,Positive,High energy,0,1,1,High,Completely,1e02a38463b1330b
3,2,-1,3387,107,11/11/2022 12:57:54,Angst,spotify:track:0UuNO0yYvsMPlyLF7RfQlg,Rammstein,10210,-2,3,Angry,6,-1,1,1,Only me (headphones),Home,Grooming / self-care,11/11/2022 12:57:59,Angst,spotify:track:0UuNO0yYvsMPlyLF7RfQlg,Rammstein,15087,11/11/2022 13:04:43,Violent Pornography,spotify:track:249Z7XT6mf8B2zuI0RaeS0,System Of A Down,"41,267",1,5,5,-1,7,7,7,7,7,Mielialani vuoksi (Vihainen),Mood,Jotta olisin enemmän Vihainen,To feel more <Mood>,"Yes, a little",Distract,Distracting myself from my thoughts,11/11/2022 13:04:50,Violent Pornography,spotify:track:249Z7XT6mf8B2zuI0RaeS0,System Of A Down,"48,347",Very Angry,Negative,Low energy,-1,-1,1,Extremely high,Slightly,d0c6b1006f2c5b23
-1,0,0,3388,107,11/11/2022 15:09:28,FOCUS,spotify:track:7nj5G4aPUJD0TnNF6SqcrX,HA SUNG WOON,33145,3,5,Happy,6,1,1,0,Only me (headphones),Travelling / commuting,Walking (commute),11/11/2022 15:09:29,FOCUS,spotify:track:7nj5G4aPUJD0TnNF6SqcrX,HA SUNG WOON,34515,11/11/2022 15:40:11,TING TING TING (with Oliver Heldens),spotify:track:7ADlvg3uIjCvItqeJPgDbu,ITZY,"148,670",2,5,6,2,7,5,7,5,6,Tekemiseni vuoksi (tämän hetkisen tekemiseni),Activity,Tekemiseni taustamusiikkina,For background to what I'm doing,"Yes, completely",,,11/11/2022 15:40:23,TING TING TING (with Oliver Heldens),spotify:track:7ADlvg3uIjCvItqeJPgDbu,ITZY,"160,669",Very Happy,Very positive,High energy,1,-1,0,Very high,Completely,0e784132940addb0
-1,0,0,3377,107,11/11/2022 15:55:35,You Already Know What You Are,spotify:track:6G63WB5OC8ACwEEOizHhnV,A Day To Remember,45439,3,5,Hopeful,5,1,1,1,Only me (headphones),Travelling / commuting,Walking (commute),11/11/2022 15:55:37,You Already Know What You Are,spotify:track:6G63WB5OC8ACwEEOizHhnV,A Day To Remember,47682,11/11/2022 16:15:45,The New Wave,spotify:track:5ZDUEchj1qWah5zJbALsHY,Naildown,"251,379",2,5,5,-1,5,3,3,4,5,Mielialani vuoksi (Toiveikas),Mood,Parantaakseni mielialaani,To feel better,"Yes, a little",Entertain,Shutting off my thoughts,11/11/2022 16:15:53,The New Wave,spotify:track:5ZDUEchj1qWah5zJbALsHY,Naildown,"258,945",Very Hopeful,Very positive,High energy,0,-1,0,High,Slightly,36fc3537e5628476
1,0,0,3386,98,11/11/2022 15:58:52,Black Cloud,spotify:track:5a4oLsUedmfxrXHUiNmw9m,Mr. Rudy Day,32533,1,3,Calm,5,0,0,0,Only me (headphones),Travelling / commuting,In a car (commute),11/11/2022 15:58:56,Black Cloud,spotify:track:5a4oLsUedmfxrXHUiNmw9m,Mr. Rudy Day,36555,11/11/2022 16:13:18,I'll Find a Way,spotify:track:3fYMVtfD6mbDSNREPAl1pq,League of Legends,"23,234",2,3,5,3,6,5,7,7,5,For what I am doing (current activity),Activity,For background to what I'm doing,For background to <Activity>,"Yes, completely",,,11/11/2022 16:13:26,I'll Find a Way,spotify:track:3fYMVtfD6mbDSNREPAl1pq,League of Legends,"31,587",Very Calm,Slightly positive,Low energy,1,1,1,High,Completely,71403c56a575c7e8
-2,0,0,3383,107,11/11/2022 16:52:25,Holy Water (feat. Maikki),spotify:track:5XhA4rmsoFmFibSSfeYJ5P,Blasterjaxx,41438,4,5,Loving,5,1,1,0,Partner / spouse,Travelling / commuting,On transport: nothing,11/11/2022 16:52:31,Holy Water (feat. Maikki),spotify:track:5XhA4rmsoFmFibSSfeYJ5P,Blasterjaxx,47590,11/11/2022 16:58:24,Say Nothing,spotify:track:7ILRMFESnEMNvY4r5YN77b,Flume,"20,959",2,5,5,-1,5,7,6,7,6,Tekemiseni vuoksi (tämän hetkisen tekemiseni),Activity,Nauttiakseni siitä mitä teen,For enjoyment of what I'm doing,"Yes, completely",,,11/11/2022 16:58:35,Say Nothing,spotify:track:7ILRMFESnEMNvY4r5YN77b,Flume,"9,631",Very Loving,Extremely positive,High energy,1,-1,0,Very high,Completely,ec20234090be324c
-1,0,0,3387,107,11/11/2022 17:49:22,,,,0,0,3,Anxious,5,0,0,-1,Only me (headphones),Shops / market,Shopping,11/11/2022 17:49:23,,,,0,11/11/2022 18:07:24,Dig,spotify:track:7vrLphPq4yjaX7jiDdd2Nc,Mudvayne,"58,850",-1,3,5,-2,7,7,6,7,7,Mielialani vuoksi (Ahdistunut),Mood,Kestääkseni jonkin tilanteen,To cope with a situation,"Yes, a little",Distract,Distracting myself from the situation,11/11/2022 18:07:28,Advertisement,spotify:ad:0000000168c0f20d00000020398d0bbd,,185,Very Anxious,Neutral,Low energy,0,-1,1,Extremely high,Slightly,d0c6b1006f2c5b23
0,0,0,3377,107,11/11/2022 19:13:17,World Eater,spotify:track:4iMSeu3Q9XOJ9NFp89MjpT,Bolt Thrower,6275,2,5,Delighted,5,1,1,1,Friend(s),Home,Creative arts / hobbies,11/11/2022 19:13:29,World Eater,spotify:track:4iMSeu3Q9XOJ9NFp89MjpT,Bolt Thrower,18017,11/11/2022 19:26:28,Song of Storms,spotify:track:08vzSXuMdCio4SEQKoPu5L,Josh Sweetman,"173,488",2,5,5,0,6,3,4,6,6,Kuunnellakseni muiden kanssa,WithOthers,Viihdyttääkseni muita,To entertain others,"Yes, a little",,,11/11/2022 19:26:32,Song of Storms,spotify:track:08vzSXuMdCio4SEQKoPu5L,Josh Sweetman,"177,444",Very Delighted,Positive,High energy,0,0,0,Very high,Slightly,36fc3537e5628476
0,1,1,3384,107,11/11/2022 22:39:28,Koko Yö (feat. JVG),spotify:track:6Tplut49wsMOyeB8SyDCLz,Fabe,18845,2,5,Happy,5,0,0,0,Only me (headphones),Home,Nothing / waiting,11/11/2022 22:39:50,Koko Yö (feat. JVG),spotify:track:6Tplut49wsMOyeB8SyDCLz,Fabe,41072,11/11/2022 22:53:49,30/12/1899 10:35:00,spotify:track:6BePGk3eCan4FqaW2X8Qy3,Tiësto,"20,357",2,6,6,1,5,4,6,5,7,Tekemiseni vuoksi (tämän hetkisen tekemiseni),Activity,Tekemiseni taustamusiikkina,For background to what I'm doing,"Yes, completely",,,11/11/2022 22:54:02,30/12/1899 10:35:00,spotify:track:6BePGk3eCan4FqaW2X8Qy3,Tiësto,"33,479",Very Happy,Positive,High energy,1,1,1,Extremely high,Completely,f0575572c1bfdeac
2,2,-2,3387,107,12/11/2022 12:22:11,Rachael,spotify:track:2F8v9J1pv7VAEuW31bEGCn,She Wants Revenge,43134,-3,3,Annoyed,7,0,0,0,Only me (headphones),Home,Housework,12/11/2022 12:22:14,Rachael,spotify:track:2F8v9J1pv7VAEuW31bEGCn,She Wants Revenge,45854,12/11/2022 12:28:17,Lent,spotify:track:3eonvnYEnoZHwmfTQrGf0q,Autoheart,"42,893",-1,5,5,2,7,7,7,7,7,Tekemiseni vuoksi (tämän hetkisen tekemiseni),Activity,Tekemiseni taustamusiikkina,For background to what I'm doing,"Yes, completely",,,12/11/2022 12:28:19,Lent,spotify:track:3eonvnYEnoZHwmfTQrGf0q,Autoheart,"45,120",Extremely Annoyed,Very negative,Low energy,-1,0,0,Extremely high,Completely,d0c6b1006f2c5b23
-1,0,0,3383,107,12/11/2022 14:22:33,Shout - The Forgotten Remix,spotify:track:5aa8TV2mnOYHhHl0t9ymMu,Scandroid,52840,3,6,Hopeful,5,0,0,0,Partner / spouse,Travelling / commuting,On transport: nothing,12/11/2022 14:22:35,Shout - The Forgotten Remix,spotify:track:5aa8TV2mnOYHhHl0t9ymMu,Scandroid,55645,12/11/2022 14:28:32,Blow Your Mind,spotify:track:1Ezn3sh9v9mhhyLYaIGHWC,luisleonparma,"6,958",2,6,5,0,6,3,1,4,3,Keskittyäkseni musiikkiin,MusicFocus,Löytääkseni uutta musiikkia,To discover new music,"Yes, a little",,,12/11/2022 14:28:36,Blow Your Mind,spotify:track:1Ezn3sh9v9mhhyLYaIGHWC,luisleonparma,"10,520",Very Hopeful,Very positive,Very high energy,1,-1,1,Low,Slightly,ec20234090be324c
-1,-1,1,3387,107,12/11/2022 16:16:03,Miss You - Remastered,spotify:track:3hJLKtTpgct9Y9wKww0BiR,The Rolling Stones,32987,1,4,Nostalgic,5,0,0,1,Only me (headphones),Home,Housework,12/11/2022 16:16:05,Miss You - Remastered,spotify:track:3hJLKtTpgct9Y9wKww0BiR,The Rolling Stones,35148,12/11/2022 16:21:53,Back In Black,spotify:track:08mG3Y1vljYA6bvDt4Wqkj,AC/DC,"90,511",0,3,6,1,5,7,7,7,7,Mielialani vuoksi (Nostalginen),Mood,Jotta olisin enemmän Nostalginen,To feel more <Mood>,"Yes, completely",Entertain,Shutting off my thoughts,12/11/2022 16:21:56,Back In Black,spotify:track:08mG3Y1vljYA6bvDt4Wqkj,AC/DC,"93,066",Very Nostalgic,Slightly positive,Medium energy,1,-1,-1,Extremely high,Completely,d0c6b1006f2c5b23
0,0,0,3387,107,13/11/2022 00:11:16,,,,0,1,5,Motivated,5,0,0,1,Only me (headphones),Home,Exercising / sports,13/11/2022 00:11:18,,,,0,13/11/2022 00:18:16,Sharks,spotify:track:7sA2SKTo1QbTSSYn5YvJC4,Imagine Dragons,"84,423",1,5,5,-1,7,7,7,7,7,Tekemiseni vuoksi (tämän hetkisen tekemiseni),Activity,Tekemiseni taustamusiikkina,For background to what I'm doing,"Yes, completely",,,13/11/2022 00:18:26,Sharks,spotify:track:7sA2SKTo1QbTSSYn5YvJC4,Imagine Dragons,"93,780",Very Motivated,Slightly positive,High energy,0,1,1,Extremely high,Completely,d0c6b1006f2c5b23
1,1,1,3384,107,13/11/2022 13:45:13,Nuorgam (feat. TIPPA),spotify:track:64fagmhTnpUkqm9ngt7xWd,Pikku G,70623,-2,2,Depressed,5,1,1,-1,Only me (headphones),Home,Nothing / waiting,13/11/2022 13:45:20,Nuorgam (feat. TIPPA),spotify:track:64fagmhTnpUkqm9ngt7xWd,Pikku G,77534,13/11/2022 14:09:22,My Mind & Me,spotify:track:0XER3HPMx223xWaAgNKp4Y,Selena Gomez,"95,603",-1,3,6,-1,2,2,3,4,4,Mielialani vuoksi (Masentunut),Mood,Luodakseni erilaisen mielialan,To create a different mood,"No, I need more time",Distract,Distracting myself from my thoughts,13/11/2022 14:09:35,My Mind & Me,spotify:track:0XER3HPMx223xWaAgNKp4Y,Selena Gomez,"108,605",Very Depressed,Negative,Very low energy,-1,1,1,Medium,No (time),f0575572c1bfdeac
-1,1,0,3377,107,13/11/2022 15:35:16,Flabby Little Things from Beyond,spotify:track:1EltNOe7YrsPIE2qZU9JRH,Death Breath,35460,2,4,Content,5,1,1,1,Friend(s),Home,Socialising (casual),13/11/2022 15:35:22,Flabby Little Things from Beyond,spotify:track:1EltNOe7YrsPIE2qZU9JRH,Death Breath,42255,13/11/2022 15:42:56,Conclusion Of An Age,spotify:track:62ZmBnus79lna6F4BAnRAr,Sylosis,"315,556",1,5,5,-2,6,5,6,6,5,Kuunnellakseni muiden kanssa,WithOthers,Viettääkseni aikaa muiden kanssa,To socialise,"Yes, mostly",,,13/11/2022 15:43:06,Conclusion Of An Age,spotify:track:62ZmBnus79lna6F4BAnRAr,Sylosis,"325,060",Very Content,Positive,Medium energy,0,-1,1,High,Mostly,36fc3537e5628476
-1,-1,0,3383,107,13/11/2022 16:16:03,Aqua,spotify:track:5QkXtfDXyRkcQTGsGHkW80,Mark Sixma,963,4,4,Content,7,0,0,0,Partner / spouse,Travelling / commuting,On transport: nothing,13/11/2022 16:16:06,Aqua,spotify:track:5QkXtfDXyRkcQTGsGHkW80,Mark Sixma,3820,13/11/2022 16:21:50,Enough for Me,spotify:track:64efbrqLb53cBFwoWS9mAE,Talla 2XLC,"9,777",3,3,7,3,7,3,1,5,6,Tekemiseni vuoksi (tämän hetkisen tekemiseni),Activity,Tekemiseni taustamusiikkina,For background to what I'm doing,"Yes, completely",,,13/11/2022 16:21:53,Enough for Me,spotify:track:64efbrqLb53cBFwoWS9mAE,Talla 2XLC,"12,549",Extremely Content,Extremely positive,Medium energy,1,-1,-1,Very high,Completely,ec20234090be324c
0,0,1,3386,98,13/11/2022 17:29:09,The Phantom Of The Opera,spotify:track:2WmbbiWfFEKsSZe6E5GeVe,Nightwish,25633,2,5,Motivated,5,0,0,0,Only me (headphones),Home,Housework,13/11/2022 17:29:12,The Phantom Of The Opera,spotify:track:2WmbbiWfFEKsSZe6E5GeVe,Nightwish,29253,13/11/2022 17:42:31,Tired Of Being Sorry,spotify:track:3yUvfB6cV1f4G3zo3f8qq7,Enrique Iglesias,"35,261",2,5,6,2,6,6,3,6,5,For entertainment / enjoyment,Enjoyment,For entertainment,For entertainment,"Yes, completely",,,13/11/2022 17:42:35,Tired Of Being Sorry,spotify:track:3yUvfB6cV1f4G3zo3f8qq7,Enrique Iglesias,"39,899",Very Motivated,Positive,High energy,1,1,1,High,Completely,71403c56a575c7e8
0,0,1,3388,107,13/11/2022 19:50:58,Wish You Were Here,spotify:track:0ck9OBdibazBRrYqIwqEJk,CL,39096,2,5,Happy,5,1,0,1,Only me (speakers),Home,Relaxing / meditating,13/11/2022 19:51:03,Wish You Were Here,spotify:track:0ck9OBdibazBRrYqIwqEJk,CL,43586,13/11/2022 20:21:10,Päällekkäin,spotify:track:2rXyyPuLQJO9PHTaNGaafc,Ida Paul & Kalle Lindroth,"46,425",2,5,6,0,2,6,7,7,7,Rentoutuakseni / Rauhoittuakseni,Relax,Rauhoittuakseni,To calm down,"Yes, mostly",Distract,Distracting myself from my thoughts,13/11/2022 20:21:23,Päällekkäin,spotify:track:2rXyyPuLQJO9PHTaNGaafc,Ida Paul & Kalle Lindroth,"59,841",Very Happy,Positive,High energy,1,0,1,Extremely high,Mostly,0e784132940addb0
1,0,0,3387,107,13/11/2022 20:33:28,Rein raus,spotify:track:4fPrxIohi60EZfNy2TlD44,Rammstein,22678,-2,3,Tired,6,0,0,0,,,Other: ,13/11/2022 20:33:30,Rein raus,spotify:track:4fPrxIohi60EZfNy2TlD44,Rammstein,56,13/11/2022 20:40:42,Kill All Your Friends,spotify:track:65wICNTM2s1PwXSgKt8f0a,My Chemical Romance,92,-1,3,6,,,,,,,Tekemiseni vuoksi (tämän hetkisen tekemiseni),Activity,Tekemiseni taustamusiikkina,For background to what I'm doing,"Yes, completely",,,,,,,,Very Tired,Negative,Low energy,1,1,1,,Completely,d0c6b1006f2c5b23
3,3,-4,3387,107,13/11/2022 20:54:39,Wet,spotify:track:1pMEVQiiBtlhBjRxOVqVVH,Dazey and the Scouts,17481,-1,2,Annoyed,7,0,0,0,Only me (headphones),Travelling / commuting,Walking (commute),13/11/2022 20:54:40,Wet,spotify:track:1pMEVQiiBtlhBjRxOVqVVH,Dazey and the Scouts,18333,13/11/2022 21:01:39,No. 6,spotify:track:0U8Yb8GDpIBVbxmE8Ubkdg,Moon Hooch,"31,836",2,5,3,4,7,7,7,7,7,Tekemiseni vuoksi (tämän hetkisen tekemiseni),Activity,Tekemiseni taustamusiikkina,For background to what I'm doing,"Yes, completely",,,13/11/2022 21:01:41,No. 6,spotify:track:0U8Yb8GDpIBVbxmE8Ubkdg,Moon Hooch,"33,294",Extremely Annoyed,Slightly negative,Very low energy,-1,0,0,Extremely high,Completely,d0c6b1006f2c5b23
0,1,0,3390,107,14/11/2022 08:05:06,Adam & Steve,spotify:track:6Tvv7wIAKUcUfL05kJ6vjZ,Dorian Electra,30867,3,5,Curious,6,1,1,0,Only me (headphones),Travelling / commuting,Walking (commute),14/11/2022 08:05:09,Adam & Steve,spotify:track:6Tvv7wIAKUcUfL05kJ6vjZ,Dorian Electra,33051,14/11/2022 08:16:40,Brothers in Arms,spotify:track:6dWfnfVfInwWg321hwWRVU,Dagames,"131,708",3,6,6,3,7,6,7,7,7,Tavan vuoksi / Ajankuluksi,Boredom,Että olisi jotain tekemistä,To have something to do,"Yes, mostly",,,14/11/2022 08:16:44,Brothers in Arms,spotify:track:6dWfnfVfInwWg321hwWRVU,Dagames,"135,378",Very Curious,Very positive,High energy,1,0,1,Extremely high,Mostly,3ce23a7307982f82
0,0,0,3377,107,14/11/2022 08:08:36,End of Line,spotify:track:7Bh3D556fQ8TmaYMPafdsZ,Fear Factory,121228,-1,3,Anxious,5,1,1,-1,Only me (headphones),Travelling / commuting,Walking (commute),14/11/2022 08:08:43,End of Line,spotify:track:7Bh3D556fQ8TmaYMPafdsZ,Fear Factory,128664,14/11/2022 08:30:14,MY HEART IN ATROPHY - Graveside Edition,spotify:track:6LIlgzJyCrsNzSO1Ifcrrx,Carnifex,"184,653",-1,3,5,-4,7,5,5,5,5,Mielialani vuoksi (Ahdistunut),Mood,Saadakseni lohdutusta / tukea,For comfort / support,"Yes, a little",Feelings,Being entertained,14/11/2022 08:30:16,MY HEART IN ATROPHY - Graveside Edition,spotify:track:6LIlgzJyCrsNzSO1Ifcrrx,Carnifex,"184,653",Very Anxious,Slightly negative,Low energy,0,0,0,High,Slightly,36fc3537e5628476
-1,0,0,3386,98,14/11/2022 08:20:57,Take Me To Church,spotify:track:3dYD57lRAUcMHufyqn9GcI,Hozier,30199,2,5,Confident,5,0,0,0,Only me (headphones),Travelling / commuting,In a car (commute),14/11/2022 08:21:01,Take Me To Church,spotify:track:3dYD57lRAUcMHufyqn9GcI,Hozier,34394,14/11/2022 08:28:18,Lay Me Down,spotify:track:5Z9cgAiHmlmnH8llSV18gt,City and Colour,"1,961",1,5,5,-2,3,5,6,6,5,For entertainment / enjoyment,Enjoyment,For entertainment,For entertainment,"Yes, completely",,,14/11/2022 08:28:25,Lay Me Down,spotify:track:5Z9cgAiHmlmnH8llSV18gt,City and Colour,"8,495",Very Confident,Positive,High energy,1,-1,1,High,Completely,71403c56a575c7e8
0,0,0,3388,107,14/11/2022 08:27:45,Ka-CHING!,spotify:track:5w4Zj0DHPKTJ8K8VL9yUjv,EXO-CBX,36597,2,5,Happy,5,1,1,1,Only me (headphones),Travelling / commuting,Walking (commute),14/11/2022 08:27:48,Ka-CHING!,spotify:track:5w4Zj0DHPKTJ8K8VL9yUjv,EXO-CBX,39953,14/11/2022 08:42:58,NO PROBLEM (Feat. Felix of Stray Kids),spotify:track:4zHvWi4iFAG45lgiN7smLC,NAYEON,"92,368",2,5,5,3,6,5,7,5,6,Tekemiseni vuoksi (tämän hetkisen tekemiseni),Activity,Tekemiseni taustamusiikkina,For background to what I'm doing,"Yes, completely",,,14/11/2022 08:43:02,NO PROBLEM (Feat. Felix of Stray Kids),spotify:track:4zHvWi4iFAG45lgiN7smLC,NAYEON,"96,254",Very Happy,Positive,High energy,0,0,0,Very high,Completely,0e784132940addb0
0,-1,-4,3389,98,14/11/2022 13:34:56,,,,0,1,5,Other: idk tbh,7,1,1,-1,Only me (headphones),Work,Nothing / waiting,14/11/2022 13:34:57,,,,0,14/11/2022 14:06:13,,,,0,1,4,3,0,4,4,4,4,4,For what I am doing (current activity),Activity,For background to what I'm doing,For background to <Activity>,"Yes, mostly",,,14/11/2022 14:06:16,,,,0,Extremely Other: idk tbh,Slightly positive,High energy,1,0,-1,Medium,Mostly,384efaee4b76c4e6
0,1,0,3388,107,14/11/2022 15:04:07,Jekyll,spotify:track:028XrbNPgtmnSSScHuWuG1,EXO,29816,2,4,Happy,5,1,1,1,Only me (headphones),Travelling / commuting,Walking (commute),14/11/2022 15:04:09,Jekyll,spotify:track:028XrbNPgtmnSSScHuWuG1,EXO,31509,14/11/2022 15:22:50,Pink Venom,spotify:track:0skYUMpS0AcbpjcGsAbRGj,BLACKPINK,"77,322",2,5,5,2,7,6,7,7,6,Tekemiseni vuoksi (tämän hetkisen tekemiseni),Activity,Tekemiseni taustamusiikkina,For background to what I'm doing,"Yes, completely",,,14/11/2022 15:22:52,Pink Venom,spotify:track:0skYUMpS0AcbpjcGsAbRGj,BLACKPINK,"79,222",Very Happy,Positive,Medium energy,0,0,1,Very high,Completely,0e784132940addb0
-5,-1,-4,3383,107,14/11/2022 15:27:48,JEEP,spotify:track:2gUGnkgQaNTpfo2d5hZNPT,HEDEGAARD,77912,2,4,Content,5,1,1,0,Only me (speakers),Home,Nothing / waiting,14/11/2022 15:27:51,JEEP,spotify:track:2gUGnkgQaNTpfo2d5hZNPT,HEDEGAARD,81621,14/11/2022 15:33:49,,,,0,-3,3,1,0,4,4,4,4,4,Keskittyäkseni musiikkiin,MusicFocus,Keskityn musiikin kuuntelemiseen,For focussed music listening,"Yes, a little",,,14/11/2022 15:33:50,,,,0,Very Content,Positive,Medium energy,-1,-1,-1,Medium,Slightly,ec20234090be324c
0,0,0,3377,107,14/11/2022 17:27:19,Hurt Me,spotify:track:2XVbbbl9dHwa6vJw8wWRs5,Lost Society,50190,1,5,Loving,5,1,1,1,,,Other: ,14/11/2022 17:27:22,Hurt Me,spotify:track:2XVbbbl9dHwa6vJw8wWRs5,Lost Society,53150,14/11/2022 17:45:31,The Torch,spotify:track:0NFJhFY7knuxxfG8qDKIyW,Mind Riot,"194,008",1,5,5,,,,,,,Rentoutuakseni / Rauhoittuakseni,Relax,Vähentääkseni stressiä / ahdistusta,To reduce stress / anxiety,"Yes, a little",,,,,,,,Very Loving,Slightly positive,High energy,0,0,0,,Slightly,36fc3537e5628476
0,0,0,3384,107,14/11/2022 18:01:41,,,,0,0,4,Neutral,,1,1,0,Only me (headphones),Home,Gaming,14/11/2022 18:01:54,,,,0,14/11/2022 18:05:57,Just Wanna Rock,spotify:track:4FyesJzVpA39hbYvcseO2d,Lil Uzi Vert,"114,496",0,4,,2,6,6,6,6,6,Tekemiseni vuoksi (tämän hetkisen tekemiseni),Activity,Tekemiseni taustamusiikkina,For background to what I'm doing,"Yes, completely",,,14/11/2022 18:05:59,Just Wanna Rock,spotify:track:4FyesJzVpA39hbYvcseO2d,Lil Uzi Vert,"117,185",Neutral,Neutral,Medium energy,1,0,0,Very high,Completely,f0575572c1bfdeac
-1,0,0,3377,107,15/11/2022 07:29:58,The Torch,spotify:track:0NFJhFY7knuxxfG8qDKIyW,Mind Riot,26587,2,5,Motivated,5,1,1,1,Only me (headphones),Travelling / commuting,Walking (commute),15/11/2022 07:30:01,The Torch,spotify:track:0NFJhFY7knuxxfG8qDKIyW,Mind Riot,29327,15/11/2022 07:40:05,Purity,spotify:track:1J4nliMiaNRkPonK8vcUBk,Fear Factory,"29,854",1,5,5,-2,5,4,6,6,5,Nostaakseni vireystilaani,RaiseEnergy,Motivoidakseni itseäni,To motivate myself,"Yes, mostly",,,15/11/2022 07:40:06,Purity,spotify:track:1J4nliMiaNRkPonK8vcUBk,Fear Factory,"30,914",Very Motivated,Positive,High energy,0,-1,0,High,Mostly,36fc3537e5628476
0,0,0,3386,98,15/11/2022 08:19:01,Hallucination,spotify:track:0gkGuKyS7TruYpnNGBHzNs,Yuya Matsushita,34273,1,3,Tired,5,0,1,0,Only me (headphones),Travelling / commuting,In a car (commute),15/11/2022 08:19:08,Hallucination,spotify:track:0gkGuKyS7TruYpnNGBHzNs,Yuya Matsushita,41214,15/11/2022 08:24:34,Black Stars And Diamonds,spotify:track:4JqpFlyw2xhGgnsGkdK0es,The Night Flight Orchestra,"26,115",1,3,5,2,6,6,2,5,5,For what I am doing (current activity),Activity,For background to what I'm doing,For background to <Activity>,"Yes, mostly",,,15/11/2022 08:24:35,Black Stars And Diamonds,spotify:track:4JqpFlyw2xhGgnsGkdK0es,The Night Flight Orchestra,"27,187",Very Tired,Slightly positive,Low energy,1,1,0,High,Mostly,71403c56a575c7e8
-1,0,0,3387,107,15/11/2022 08:24:07,Babooshka - 2018 Remaster,spotify:track:6VpNGCU2ig4NQmsLfALdJU,Kate Bush,18952,-2,1,Tired,7,0,0,-1,Only me (headphones),Travelling / commuting,Walking (commute),15/11/2022 08:24:08,Babooshka - 2018 Remaster,spotify:track:6VpNGCU2ig4NQmsLfALdJU,Kate Bush,19523,15/11/2022 08:31:11,Dance Macabre,spotify:track:1E2WTcYLP1dFe1tiGDwRmT,Ghost,"39,357",-3,1,7,2,3,7,7,7,7,Tekemiseni vuoksi (tämän hetkisen tekemiseni),Activity,Tekemiseni taustamusiikkina,For background to what I'm doing,"Yes, completely",,,15/11/2022 08:31:11,Dance Macabre,spotify:track:1E2WTcYLP1dFe1tiGDwRmT,Ghost,"40,279",Extremely Tired,Negative,Extremely low energy,0,-1,1,Extremely high,Completely,d0c6b1006f2c5b23
0,0,0,3383,107,15/11/2022 08:27:52,Nothing Without You,spotify:track:3Ue0Js6raH5eFOS3ShUxpm,Doctor Neiman,13720,0,4,Neutral,,0,0,0,Only me (headphones),Travelling / commuting,In a car (commute),15/11/2022 08:27:53,Nothing Without You,spotify:track:3Ue0Js6raH5eFOS3ShUxpm,Doctor Neiman,14661,15/11/2022 08:33:51,Robinson Anthem,spotify:track:4uWkFThvEQsL3H5ZqwOMk4,Newik,"19,325",0,4,,0,6,6,1,5,4,Keskittyäkseni musiikkiin,MusicFocus,Löytääkseni uutta musiikkia,To discover new music,"No, the music was wrong",,,15/11/2022 08:33:59,Robinson Anthem,spotify:track:4uWkFThvEQsL3H5ZqwOMk4,Newik,"27,521",Neutral,Neutral,Medium energy,1,1,1,Medium,No (music),ec20234090be324c
1,0,0,3388,107,15/11/2022 08:27:57,Siren,spotify:track:09B6aGZiVSKQI1kF4t3YFo,CL,63675,1,5,Other: neutraali ,4,0,0,0,Only me (headphones),Travelling / commuting,Walking (commute),15/11/2022 08:27:58,Siren,spotify:track:09B6aGZiVSKQI1kF4t3YFo,CL,65206,15/11/2022 08:43:57,INVU,spotify:track:7rXcCpIAoOUCydkVDMcoPV,TAEYEON,"78,447",2,5,4,2,6,6,7,7,6,Tekemiseni vuoksi (tämän hetkisen tekemiseni),Activity,Tekemiseni taustamusiikkina,For background to what I'm doing,"Yes, completely",,,15/11/2022 08:43:59,INVU,spotify:track:7rXcCpIAoOUCydkVDMcoPV,TAEYEON,"80,351",Somewhat Other: neutraali ,Slightly positive,High energy,1,1,1,Very high,Completely,0e784132940addb0
0,0,0,3386,98,15/11/2022 14:56:11,The Other Side,spotify:track:6Ms7R30sjVNju3XK12edgC,Woodkid,207177,1,5,Motivated,5,0,0,0,Only me (headphones),Travelling / commuting,In a car (commute),15/11/2022 14:56:13,The Other Side,spotify:track:6Ms7R30sjVNju3XK12edgC,Woodkid,208840,15/11/2022 15:01:46,夏の終わりの約束,spotify:track:3Ad7arzMVHM4jRza5CJCHk,YOHIO,"105,574",1,5,5,2,5,6,7,7,5,For entertainment / enjoyment,Enjoyment,For entertainment,For entertainment,"Yes, completely",,,15/11/2022 15:01:47,夏の終わりの約束,spotify:track:3Ad7arzMVHM4jRza5CJCHk,YOHIO,"107,070",Very Motivated,Slightly positive,High energy,1,1,1,High,Completely,71403c56a575c7e8
3,0,-3,3389,98,15/11/2022 16:24:18,Stockholm Syndrome,spotify:track:5VVWgWH8HFLAtM8lbttvn9,Muse,178966,-2,3,Annoyed,5,1,1,-1,Only me (headphones),Travelling / commuting,On bus / train / plane,15/11/2022 16:24:27,Stockholm Syndrome,spotify:track:5VVWgWH8HFLAtM8lbttvn9,Muse,187596,15/11/2022 16:43:48,Devil Is Fine,spotify:track:2CaZCVH2Z79ABFcsHzUU6y,Zeal & Ardor,"3,630",1,3,2,-1,6,6,7,7,7,To raise / boost energy,RaiseEnergy,To raise energy of current activity,To raise energy of <Activity>,"Yes, mostly",,,15/11/2022 16:43:54,Devil Is Fine,spotify:track:2CaZCVH2Z79ABFcsHzUU6y,Zeal & Ardor,"10,197",Very Annoyed,Negative,Low energy,1,1,0,Extremely high,Mostly,384efaee4b76c4e6
1,0,0,3383,107,16/11/2022 08:05:06,Baby,spotify:track:5FxREFVZvwripTmyOPTHjO,Ole,13207,-1,4,Annoyed,5,0,0,0,Only me (headphones),Travelling / commuting,Walking (commute),16/11/2022 08:05:07,Baby,spotify:track:5FxREFVZvwripTmyOPTHjO,Ole,14118,16/11/2022 08:11:46,Ei se mee nii,spotify:track:1fnxzvXKupIzLLexAEhmrY,Joni Kerman,"41,940",0,4,5,-1,2,6,1,2,4,Keskittyäkseni musiikkiin,MusicFocus,Löytääkseni uutta musiikkia,To discover new music,"No, the music was wrong",,,16/11/2022 08:11:50,Ei se mee nii,spotify:track:1fnxzvXKupIzLLexAEhmrY,Joni Kerman,"45,493",Very Annoyed,Slightly negative,Medium energy,1,1,1,Medium,No (music),ec20234090be324c
-1,0,0,3377,107,16/11/2022 08:17:19,The Half Horizon,spotify:track:6k8NkREBNrP6JYDiKNgmlC,NEØV,38336,2,5,Happy,5,1,1,1,Partner / spouse,Travelling / commuting,On transport: socialising,16/11/2022 08:17:22,The Half Horizon,spotify:track:6k8NkREBNrP6JYDiKNgmlC,NEØV,41885,16/11/2022 08:23:31,Grayscale,spotify:track:2Uyda5UuQnxkdYkECw3F8C,Lamb of God,"142,576",1,5,5,-3,6,3,5,5,5,Nostaakseni vireystilaani,RaiseEnergy,Motivoidakseni itseäni,To motivate myself,"Yes, a little",,,16/11/2022 08:23:35,Grayscale,spotify:track:2Uyda5UuQnxkdYkECw3F8C,Lamb of God,"146,405",Very Happy,Positive,High energy,0,-1,0,High,Slightly,36fc3537e5628476
-1,0,0,3386,98,16/11/2022 08:20:09,Invidia,spotify:track:6UOLfxHZtbNuOyExm94Zhg,YOHIO,48616,2,5,Happy,4,0,0,0,Only me (headphones),Travelling / commuting,In a car (commute),16/11/2022 08:20:11,Invidia,spotify:track:6UOLfxHZtbNuOyExm94Zhg,YOHIO,50802,16/11/2022 08:25:51,My Nocturnal Serenade,spotify:track:0l1NH0Zu8b5UeYw66GqJ3o,YOHIO,"39,382",1,5,4,-1,5,7,7,7,5,For entertainment / enjoyment,Enjoyment,For entertainment,For entertainment,"Yes, completely",,,16/11/2022 08:25:54,My Nocturnal Serenade,spotify:track:0l1NH0Zu8b5UeYw66GqJ3o,YOHIO,"41,546",Somewhat Happy,Positive,High energy,1,-1,1,High,Completely,71403c56a575c7e8
0,1,0,3388,107,16/11/2022 08:27:38,Spark,spotify:track:49euWwcjQTzVCynY53tvH5,TAEYEON,17360,2,5,Happy,5,1,1,0,Only me (headphones),Travelling / commuting,Walking (commute),16/11/2022 08:27:45,Spark,spotify:track:49euWwcjQTzVCynY53tvH5,TAEYEON,24384,16/11/2022 08:54:22,Rain,spotify:track:4HEFpKZaYWGTjgCjhnSShV,BTS,"103,628",2,6,5,0,4,5,7,5,4,Tekemiseni vuoksi (tämän hetkisen tekemiseni),Activity,Tekemiseni taustamusiikkina,For background to what I'm doing,"Yes, completely",,,16/11/2022 08:54:24,Rain,spotify:track:4HEFpKZaYWGTjgCjhnSShV,BTS,"105,000",Very Happy,Positive,High energy,1,0,1,Medium,Completely,0e784132940addb0
0,1,0,3377,107,16/11/2022 12:05:04,Run,spotify:track:0xKO76rHVYlmIgpTtfBDLa,Zeal & Ardor,34836,2,5,Motivated,6,1,1,1,Only me (headphones),Work,Physical work,16/11/2022 12:05:07,Run,spotify:track:0xKO76rHVYlmIgpTtfBDLa,Zeal & Ardor,37964,16/11/2022 12:18:09,Suicidal Space Programme,spotify:track:1ELrdAKDtEQqVs9D2R90Zb,Decapitated,"31,784",2,6,6,-3,6,4,4,5,5,Tekemiseni vuoksi (tämän hetkisen tekemiseni),Activity,Tekemiseni taustamusiikkina,For background to what I'm doing,"Yes, completely",,,16/11/2022 12:18:15,Suicidal Space Programme,spotify:track:1ELrdAKDtEQqVs9D2R90Zb,Decapitated,"37,423",Very Motivated,Positive,High energy,0,0,1,High,Completely,36fc3537e5628476
-1,0,0,3377,107,16/11/2022 15:43:48,Woven into Sorrow,spotify:track:5n4qCdqQ2Bh54gp1k9oHyp,Swallow The Sun,181673,3,5,Grateful,5,1,1,1,Only me (headphones),Travelling / commuting,On transport: reading,16/11/2022 15:43:55,Woven into Sorrow,spotify:track:5n4qCdqQ2Bh54gp1k9oHyp,Swallow The Sun,188728,16/11/2022 15:49:30,Birth,spotify:track:2gM1V6yfXMJHPu0JRuoIwA,Kordhell,"62,522",2,5,5,-2,3,4,5,5,5,Tekemiseni vuoksi (tämän hetkisen tekemiseni),Activity,Tekemiseni taustamusiikkina,For background to what I'm doing,"Yes, mostly",,,16/11/2022 15:49:34,Birth,spotify:track:2gM1V6yfXMJHPu0JRuoIwA,Kordhell,"66,547",Very Grateful,Very positive,High energy,0,-1,0,High,Mostly,36fc3537e5628476
0,1,0,3388,107,16/11/2022 17:05:55,Rain,spotify:track:4HEFpKZaYWGTjgCjhnSShV,BTS,52388,3,4,Happy,6,0,1,0,Only me (headphones),Travelling / commuting,Walking (commute),16/11/2022 17:05:56,Rain,spotify:track:4HEFpKZaYWGTjgCjhnSShV,BTS,53631,16/11/2022 17:15:36,달라달라 (DALLA DALLA),spotify:track:0GU5GuJQQEnnREO2FxnVPT,ITZY,"104,047",3,5,6,4,6,6,7,7,6,Tekemiseni vuoksi (tämän hetkisen tekemiseni),Activity,Tekemiseni taustamusiikkina,For background to what I'm doing,"Yes, completely",,,16/11/2022 17:15:37,달라달라 (DALLA DALLA),spotify:track:0GU5GuJQQEnnREO2FxnVPT,ITZY,"105,314",Very Happy,Very positive,Medium energy,1,1,1,Very high,Completely,0e784132940addb0
1,-1,-1,3387,107,16/11/2022 17:53:06,Another Idea,spotify:track:5gnpXzK87Iop3EVDnqp5If,Marc Rebillet,43252,-3,3,Unwell,7,0,0,0,Only me (headphones),Travelling / commuting,Walking (commute),16/11/2022 17:53:07,Another Idea,spotify:track:5gnpXzK87Iop3EVDnqp5If,Marc Rebillet,44176,16/11/2022 17:59:54,Teddy Picker,spotify:track:5kxVyCgEUND7E2QKG7JmoF,Arctic Monkeys,"31,556",-2,2,6,2,6,7,7,7,7,Tekemiseni vuoksi (tämän hetkisen tekemiseni),Activity,Tekemiseni taustamusiikkina,For background to what I'm doing,"Yes, completely",,,16/11/2022 17:59:55,Teddy Picker,spotify:track:5kxVyCgEUND7E2QKG7JmoF,Arctic Monkeys,"32,589",Extremely Unwell,Very negative,Low energy,-1,1,-1,Extremely high,Completely,d0c6b1006f2c5b23
0,0,0,3377,107,17/11/2022 07:31:05,Just a Second,spotify:track:6okjtGWzASeHQjbwbWqQyM,Saving Grace,180504,1,5,Hopeful,5,1,1,1,Only me (headphones),Travelling / commuting,On transport: nothing,17/11/2022 07:31:09,Just a Second,spotify:track:6okjtGWzASeHQjbwbWqQyM,Saving Grace,184974,17/11/2022 07:37:17,Denial Mechanism,spotify:track:2VjgDMPac8RDAaz2JH3UBs,Lamb of God,"147,933",1,5,5,-3,6,5,4,5,5,Tavan vuoksi / Ajankuluksi,Boredom,Että olisi jotain tekemistä,To have something to do,"Yes, mostly",,,17/11/2022 07:37:22,Denial Mechanism,spotify:track:2VjgDMPac8RDAaz2JH3UBs,Lamb of God,"152,961",Very Hopeful,Slightly positive,High energy,0,0,0,High,Mostly,36fc3537e5628476
0,0,-1,3386,98,17/11/2022 08:16:03,砂のお城,spotify:track:7ssncNQm3tv02ZLc72CjfG,Kanon Wakeshima,126992,2,5,Excited,5,0,1,0,Only me (headphones),Travelling / commuting,In a car (commute),17/11/2022 08:16:05,砂のお城,spotify:track:7ssncNQm3tv02ZLc72CjfG,Kanon Wakeshima,128340,17/11/2022 08:21:42,Angel With a Shotgun,spotify:track:5A8jUZatix87xG0Zj6HSKG,The Cab,"31,196",2,5,4,-2,6,6,7,7,5,For entertainment / enjoyment,Enjoyment,For entertainment,For entertainment,"Yes, completely",,,17/11/2022 08:21:44,Angel With a Shotgun,spotify:track:5A8jUZatix87xG0Zj6HSKG,The Cab,"33,333",Very Excited,Positive,High energy,-1,1,0,High,Completely,71403c56a575c7e8
0,1,1,3388,107,17/11/2022 08:27:34,Boy With Luv (feat. Halsey),spotify:track:5KawlOMHjWeUjQtnuRs22c,BTS,42102,2,5,Happy,5,1,1,0,Only me (headphones),Travelling / commuting,Walking (commute),17/11/2022 08:27:34,Boy With Luv (feat. Halsey),spotify:track:5KawlOMHjWeUjQtnuRs22c,BTS,43070,17/11/2022 08:41:33,Adios,spotify:track:5uHl2eYaITSX6xEX8bmaXy,EVERGLOW,"27,212",2,6,6,3,7,6,7,6,6,Tekemiseni vuoksi (tämän hetkisen tekemiseni),Activity,Tekemiseni taustamusiikkina,For background to what I'm doing,"Yes, completely",,,17/11/2022 08:41:35,Adios,spotify:track:5uHl2eYaITSX6xEX8bmaXy,EVERGLOW,"28,906",Very Happy,Positive,High energy,1,0,1,Very high,Completely,0e784132940addb0
0,0,-1,3377,107,17/11/2022 14:54:31,Mars Attacks,spotify:track:5FQvZZWK2wWg0n0dZpnvZX,Darko US,217440,1,5,Worried,5,1,1,-1,Only me (headphones),Travelling / commuting,On transport: nothing,17/11/2022 14:54:36,Ibaraki-Dōji,spotify:track:18oXGu8UhMfZxEROYtB83H,Ibaraki,2936,17/11/2022 15:01:00,Ibaraki-Dōji,spotify:track:18oXGu8UhMfZxEROYtB83H,Ibaraki,"386,792",1,5,4,-2,5,4,5,5,5,Ajatellakseni / Pohdiskellakseni,Thinking,Miettiäkseni kuka olen,To think about who I am,"Yes, a little",,,17/11/2022 15:01:04,Ibaraki-Dōji,spotify:track:18oXGu8UhMfZxEROYtB83H,Ibaraki,"390,642",Very Worried,Slightly positive,High energy,1,0,0,High,Slightly,36fc3537e5628476
1,2,-2,3383,107,18/11/2022 08:05:28,Destiny - (Radio Edit),spotify:track:3QJnD0vkL1tObHpMvwl5Jp,MC Fava,6219,0,3,Tired,5,1,0,0,Only me (headphones),Travelling / commuting,In a car (commute),18/11/2022 08:05:29,Destiny - (Radio Edit),spotify:track:3QJnD0vkL1tObHpMvwl5Jp,MC Fava,7617,18/11/2022 08:12:58,Mustaa,spotify:track:6ZKsByZ9KfZ6j0h40jQlwi,Bee,"43,165",1,5,3,-2,6,7,1,7,6,Keskittyäkseni musiikkiin,MusicFocus,Kuunnellakseni minulle ehdotettua musiikkia,To hear music suggested to me,"Yes, completely",,,18/11/2022 08:13:07,Mustaa,spotify:track:6ZKsByZ9KfZ6j0h40jQlwi,Bee,"6,953",Very Tired,Neutral,Low energy,-1,1,0,Very high,Completely,ec20234090be324c
0,1,0,3387,107,18/11/2022 08:45:20,Daddy Issues,spotify:track:5E30LdtzQTGqRvNd7l6kG5,The Neighbourhood,18141,-2,1,Tired,7,0,0,-1,Only me (headphones),Travelling / commuting,Walking (commute),18/11/2022 08:45:21,Daddy Issues,spotify:track:5E30LdtzQTGqRvNd7l6kG5,The Neighbourhood,18698,18/11/2022 08:52:14,The Masochism Tango,spotify:track:2GK5GiMNduq86tEjhn9GE7,Tom Lehrer,"162,005",-2,2,7,2,5,7,7,7,7,Tekemiseni vuoksi (tämän hetkisen tekemiseni),Activity,Tekemiseni taustamusiikkina,For background to what I'm doing,"Yes, completely",,,18/11/2022 08:52:15,The Masochism Tango,spotify:track:2GK5GiMNduq86tEjhn9GE7,Tom Lehrer,"163,030",Extremely Tired,Negative,Extremely low energy,0,1,1,Extremely high,Completely,d0c6b1006f2c5b23
-2,0,-1,3383,107,18/11/2022 15:20:35,DON'T SAY NOTHIN',spotify:track:71OhlyZmlUaJ1yL20SR372,Saweetie,31662,2,3,Content,5,0,0,0,Partner / spouse,Travelling / commuting,In a car (commute),18/11/2022 15:20:37,DON'T SAY NOTHIN',spotify:track:71OhlyZmlUaJ1yL20SR372,Saweetie,33541,18/11/2022 15:26:31,Leffa,spotify:track:32lTOYfEDhk8tfCNULYk4v,Tinze,"26,403",0,3,4,4,5,6,4,6,2,Keskittyäkseni musiikkiin,MusicFocus,Kuunnellakseni minulle ehdotettua musiikkia,To hear music suggested to me,"No, the music was wrong",,,18/11/2022 15:26:36,Leffa,spotify:track:32lTOYfEDhk8tfCNULYk4v,Tinze,"31,111",Very Content,Positive,Low energy,-1,-1,1,Very low,No (music),ec20234090be324c
1,1,0,3385,107,18/11/2022 15:43:58,Joulun kanssas jaan (feat. Cantores Minores),spotify:track:3RCxl6HWK4ADOzMbY8FZCw,Haloo Helsinki!,3510,2,5,Happy,6,1,1,0,Only me (speakers),Travelling / commuting,On transport: nothing,18/11/2022 15:44:02,Joulun kanssas jaan (feat. Cantores Minores),spotify:track:3RCxl6HWK4ADOzMbY8FZCw,Haloo Helsinki!,7353,18/11/2022 15:50:48,Tumma nainen,,Lea Laven,"69,348",3,6,6,4,7,7,7,6,6,Mielialani vuoksi (Iloinen),Mood,Säilyttääkseni Iloinen mielialani,To maintain <Mood> mood,"Yes, completely",Entertain,Having fun,18/11/2022 15:50:53,Tumma nainen,,Lea Laven,"75,120",Very Happy,Positive,High energy,1,1,1,Very high,Completely,a652bf1d62b29429
0,1,1,3387,107,19/11/2022 15:11:04,Blackest Eyes - Remastered,spotify:track:72MXwlutXRUV31lmFhylgn,Porcupine Tree,23846,2,5,Happy,5,0,1,1,Only me (headphones),Home,Creative arts / hobbies,19/11/2022 15:11:04,Blackest Eyes - Remastered,spotify:track:72MXwlutXRUV31lmFhylgn,Porcupine Tree,130,19/11/2022 15:21:03,White Noise,spotify:track:3XkEdki34FwJ9LsPa31LJF,Will Wood,"23,558",2,6,6,2,5,7,7,7,7,Tekemiseni vuoksi (tämän hetkisen tekemiseni),Activity,Tekemiseni taustamusiikkina,For background to what I'm doing,"Yes, completely",,,19/11/2022 15:21:07,White Noise,spotify:track:3XkEdki34FwJ9LsPa31LJF,Will Wood,"28,031",Very Happy,Positive,High energy,1,1,1,Extremely high,Completely,d0c6b1006f2c5b23
0,0,0,3377,107,19/11/2022 16:36:53,The Great Deceiver,spotify:track:1rnNJckSOjUlvoCw3gV5ob,In Flames,102274,1,5,Curious,5,1,1,1,Only me (speakers),Home,Physical work,19/11/2022 16:36:56,The Great Deceiver,spotify:track:1rnNJckSOjUlvoCw3gV5ob,In Flames,105441,19/11/2022 16:52:55,Amazonia,spotify:track:1GWtUkDQk7XC35r7kTPfqx,Gojira,"65,773",1,5,5,1,6,5,6,6,5,Tavan vuoksi / Ajankuluksi,Boredom,Että olisi jotain tekemistä,To have something to do,"Yes, a little",,,19/11/2022 16:52:57,Amazonia,spotify:track:1GWtUkDQk7XC35r7kTPfqx,Gojira,"67,905",Very Curious,Slightly positive,High energy,0,0,0,High,Slightly,36fc3537e5628476
0,0,0,3384,107,19/11/2022 18:57:37,Ainoa miinus,spotify:track:5JHlpediEGfVRPVIxcj5yP,VIIVI,64850,2,3,Content,5,0,0,0,Only me (headphones),Home,Gaming,19/11/2022 18:57:41,Ainoa miinus,spotify:track:5JHlpediEGfVRPVIxcj5yP,VIIVI,68989,19/11/2022 19:18:27,Lääke,spotify:track:0zfTzxd5iKAJlP0q52o3nG,VIIVI,"74,715",2,3,5,2,5,5,7,7,6,Tekemiseni vuoksi (tämän hetkisen tekemiseni),Activity,Tekemiseni taustamusiikkina,For background to what I'm doing,"Yes, completely",,,19/11/2022 19:18:30,Lääke,spotify:track:0zfTzxd5iKAJlP0q52o3nG,VIIVI,"77,325",Very Content,Positive,Low energy,1,1,1,Very high,Completely,f0575572c1bfdeac
0,1,0,3377,107,19/11/2022 19:54:43,Marduk,spotify:track:5tks57JyS9kFRjfBm8BSPT,Heilung,30648,1,4,Neutral,,1,1,0,Only me (speakers),Home,Studying,19/11/2022 19:54:45,Marduk,spotify:track:5tks57JyS9kFRjfBm8BSPT,Heilung,32807,19/11/2022 20:14:01,I Killed A Man,spotify:track:4cX3coEOqkpZV7A2Zsg0w0,Slaughter to Prevail,"84,811",1,5,,-4,7,5,5,5,3,Ajatellakseni / Pohdiskellakseni,Thinking,Luovuuden / mielikuvituksen apuna,To be creative / to imagine,"Yes, mostly",,,19/11/2022 20:14:07,I Killed A Man,spotify:track:4cX3coEOqkpZV7A2Zsg0w0,Slaughter to Prevail,"90,236",Neutral,Slightly positive,Medium energy,1,0,1,Low,Mostly,36fc3537e5628476
0,0,1,3383,107,20/11/2022 14:10:28,Robinson Anthem,spotify:track:4uWkFThvEQsL3H5ZqwOMk4,Newik,19638,2,4,Hopeful,3,0,0,0,Partner / spouse,Travelling / commuting,In a car (road trip),20/11/2022 14:10:30,Robinson Anthem,spotify:track:4uWkFThvEQsL3H5ZqwOMk4,Newik,21034,20/11/2022 14:16:01,Timeshift,spotify:track:4ZlDeQReZkKrXrwaBOs8oX,Apaztron,738,2,4,4,4,7,6,3,7,7,Tavan vuoksi / Ajankuluksi,Boredom,Että olisi jotain tekemistä,To have something to do,"Yes, mostly",,,20/11/2022 14:16:04,Timeshift,spotify:track:4ZlDeQReZkKrXrwaBOs8oX,Apaztron,"4,030",Somewhat Hopeful,Positive,Medium energy,1,1,1,Extremely high,Mostly,ec20234090be324c
0,0,0,3377,107,20/11/2022 16:24:14,The Terror Begins,spotify:track:0z7gbnRCtjxCjEw1yGx9Xg,Make Them Die Slowly,18486,1,5,Hopeful,5,1,1,1,Only me (headphones),Travelling / commuting,Walking (recreational),20/11/2022 16:24:17,The Terror Begins,spotify:track:0z7gbnRCtjxCjEw1yGx9Xg,Make Them Die Slowly,21660,20/11/2022 16:49:24,Vulturous,spotify:track:6RvdhEz3870Nd6s92OHgDX,Cattle Decapitation,"154,308",1,5,5,-4,7,5,5,5,5,Nostaakseni vireystilaani,RaiseEnergy,Motivoidakseni itseäni,To motivate myself,"Yes, a little",,,20/11/2022 16:49:29,Vulturous,spotify:track:6RvdhEz3870Nd6s92OHgDX,Cattle Decapitation,"159,468",Very Hopeful,Slightly positive,High energy,0,0,0,High,Slightly,36fc3537e5628476
0,0,0,3387,107,21/11/2022 00:00:59,Lost Soul,spotify:track:4Db5ohE0BYFkbUfIww6T9O,Harley Poe,43530,-4,1,Sad,7,0,0,1,Only me (headphones),Other (outside),Physical work,21/11/2022 00:01:00,Lost Soul,spotify:track:4Db5ohE0BYFkbUfIww6T9O,Harley Poe,44484,21/11/2022 00:09:01,Lent,spotify:track:3eonvnYEnoZHwmfTQrGf0q,Autoheart,"43,248",-4,1,7,-2,6,7,7,7,7,Mielialani vuoksi (Surullinen),Mood,Kestääkseni jonkin tilanteen,To cope with a situation,"Yes, completely",Feelings,Letting the music express my feelings,21/11/2022 00:09:03,"Skeleton Appreciation Day in Vestal, NY (Bones)",spotify:track:1788x4xlNC5GiIgLYglxMW,Will Wood and the Tapeworms,"1,174",Extremely Sad,Extremely negative,Extremely low energy,0,1,1,Extremely high,Completely,d0c6b1006f2c5b23
0,0,0,3377,107,21/11/2022 07:26:31,Death Roll,spotify:track:1ViiOKBUbJY69lSrRTbDXi,Wage War,29040,1,5,Confident,5,1,1,1,Only me (headphones),Travelling / commuting,Walking (commute),21/11/2022 07:26:34,Death Roll,spotify:track:1ViiOKBUbJY69lSrRTbDXi,Wage War,32636,21/11/2022 07:32:13,On The Wings Of A Goddess Through Flaming Sheets Of Rain,spotify:track:0KPNH56euwd1wqPVWRXCuh,Soilwork,"190,111",1,5,5,-1,6,4,3,5,5,Tavan vuoksi / Ajankuluksi,Boredom,Pysyäkseni rutiinissa,To keep a routine,"Yes, completely",,,21/11/2022 07:32:14,On The Wings Of A Goddess Through Flaming Sheets Of Rain,spotify:track:0KPNH56euwd1wqPVWRXCuh,Soilwork,"191,080",Very Confident,Slightly positive,High energy,0,0,0,High,Completely,36fc3537e5628476
1,0,-1,3385,107,21/11/2022 07:30:55,Sylvian joululaulu - Live,,Anna Eriksson,21355,0,3,Tired,6,1,1,-1,Only me (speakers),Travelling / commuting,On transport: nothing,21/11/2022 07:30:59,Sylvian joululaulu - Live,,Anna Eriksson,25141,21/11/2022 07:46:41,Varpunen jouluaamuna,spotify:track:6zAQuHIi9gENYJTYuwJmvU,Suvi Teräsniska,"104,166",1,3,5,-1,3,5,7,6,4,Mielialani vuoksi (Väsynyt),Mood,Jotta olisin vähemmän Väsynyt,To feel less <Mood>,"Yes, a little",Feelings,Letting the music express my feelings,21/11/2022 07:46:45,Varpunen jouluaamuna,spotify:track:6zAQuHIi9gENYJTYuwJmvU,Suvi Teräsniska,"108,087",Very Tired,Neutral,Low energy,1,1,0,Medium,Slightly,a652bf1d62b29429
-1,1,0,3387,107,21/11/2022 08:01:48,Rule #4 - Fish in a Birdcage,spotify:track:3CwIYemTONwWpSZwMAmlu7,Fish in a Birdcage,20678,-3,1,Depressed,6,1,1,-1,Only me (headphones),Home,Grooming / self-care,21/11/2022 08:01:49,Rule #4 - Fish in a Birdcage,spotify:track:3CwIYemTONwWpSZwMAmlu7,Fish in a Birdcage,21788,21/11/2022 08:07:33,Rule #21 - Momento Mori,spotify:track:5DeZowL9q9wS0OBdud4Wy1,Fish in a Birdcage,"185,506",-4,2,6,-1,3,7,7,7,7,Mielialani vuoksi (Masentunut),Mood,Kestääkseni jonkin tilanteen,To cope with a situation,"Yes, completely",Entertain,Seeking comfort in music,21/11/2022 08:07:36,Rule #21 - Momento Mori,spotify:track:5DeZowL9q9wS0OBdud4Wy1,Fish in a Birdcage,"188,186",Very Depressed,Very negative,Extremely low energy,0,-1,1,Extremely high,Completely,d0c6b1006f2c5b23
1,0,0,3388,107,21/11/2022 08:28:05,Kanye Westin alamäki: Miksi vasta nyt?,spotify:episode:3AlzLHTpzAuE2PYMiH4nAV,,65760,1,5,Neutral,4,1,1,0,Only me (headphones),Travelling / commuting,Walking (commute),21/11/2022 08:28:07,Kanye Westin alamäki: Miksi vasta nyt?,spotify:episode:3AlzLHTpzAuE2PYMiH4nAV,,67149,21/11/2022 08:39:50,Dreamers [Music from the FIFA World Cup Qatar 2022 Official Soundtrack],spotify:track:1RDvyOk4WtPCtoqciJwVn8,Jung Kook,"9,079",2,5,4,2,4,5,7,6,6,Tekemiseni vuoksi (tämän hetkisen tekemiseni),Activity,Tekemiseni taustamusiikkina,For background to what I'm doing,"Yes, mostly",,,21/11/2022 08:39:51,Dreamers [Music from the FIFA World Cup Qatar 2022 Official Soundtrack],spotify:track:1RDvyOk4WtPCtoqciJwVn8,Jung Kook,"10,149",Somewhat Neutral,Slightly positive,High energy,1,1,0,Very high,Mostly,0e784132940addb0
0,2,1,3383,107,21/11/2022 08:32:31,Say Nothing,spotify:track:7ILRMFESnEMNvY4r5YN77b,Flume,14914,1,3,Motivated,4,1,1,1,Only me (headphones),Travelling / commuting,Walking (commute),21/11/2022 08:32:33,Say Nothing,spotify:track:7ILRMFESnEMNvY4r5YN77b,Flume,16288,21/11/2022 08:38:13,Elemental,spotify:track:2yx33cf8wV4gCCVip2vKMo,Freaks & Geeks,"46,067",1,5,5,1,7,7,5,6,7,Tekemiseni vuoksi (tämän hetkisen tekemiseni),Activity,Nauttiakseni siitä mitä teen,For enjoyment of what I'm doing,"Yes, completely",,,21/11/2022 08:38:15,Elemental,spotify:track:2yx33cf8wV4gCCVip2vKMo,Freaks & Geeks,"47,740",Somewhat Motivated,Slightly positive,Low energy,1,0,1,Extremely high,Completely,ec20234090be324c
0,0,0,3388,107,21/11/2022 15:04:21,Perfect Man,spotify:track:115a4lQhDJGnu4QVSa8bUW,SHINHWA,15962,2,5,Happy,5,1,1,0,Only me (headphones),Travelling / commuting,Walking (commute),21/11/2022 15:04:22,Perfect Man,spotify:track:115a4lQhDJGnu4QVSa8bUW,SHINHWA,16906,21/11/2022 15:17:31,Pink Venom,spotify:track:0skYUMpS0AcbpjcGsAbRGj,BLACKPINK,"175,274",2,5,5,3,7,6,7,7,7,Tekemiseni vuoksi (tämän hetkisen tekemiseni),Activity,Tekemiseni taustamusiikkina,For background to what I'm doing,"Yes, completely",,,21/11/2022 15:17:32,Pink Venom,spotify:track:0skYUMpS0AcbpjcGsAbRGj,BLACKPINK,"176,241",Very Happy,Positive,High energy,1,0,0,Extremely high,Completely,0e784132940addb0
-1,1,0,3389,98,21/11/2022 15:15:38,I Need You,spotify:track:2UQWW8rhNJo5tBt77LnbZH,Lynyrd Skynyrd,411405,1,3,Calm,4,0,0,0,Only me (headphones),Travelling / commuting,On bus / train / plane,21/11/2022 15:15:40,I Need You,spotify:track:2UQWW8rhNJo5tBt77LnbZH,Lynyrd Skynyrd,413308,21/11/2022 15:22:38,I Want Some More,spotify:track:0z39fA2fntDAEcNzo2Ybg1,Dan Auerbach,"100,520",0,4,4,1,6,5,7,7,7,For what I am doing (current activity),Activity,For background to what I'm doing,For background to <Activity>,"Yes, completely",,,21/11/2022 15:22:41,I Want Some More,spotify:track:0z39fA2fntDAEcNzo2Ybg1,Dan Auerbach,"103,170",Somewhat Calm,Slightly positive,Low energy,1,-1,1,Extremely high,Completely,384efaee4b76c4e6
1,0,0,3377,107,21/11/2022 16:08:55,Huoneet,spotify:track:1Re7K0gqkfvZkT9V1V72WW,Bad Sauna,232945,1,5,Proud,5,1,1,1,Only me (headphones),Travelling / commuting,On transport: nothing,21/11/2022 16:08:56,Huoneet,spotify:track:1Re7K0gqkfvZkT9V1V72WW,Bad Sauna,234595,21/11/2022 16:15:23,North Star of Nija,spotify:track:2Qa8YytQ9QaF8NodoKC2Vi,Orbit Culture,"291,922",2,5,5,-2,6,5,6,6,5,Tekemiseni vuoksi (tämän hetkisen tekemiseni),Activity,Tekemiseni taustamusiikkina,For background to what I'm doing,"Yes, mostly",,,21/11/2022 16:15:29,North Star of Nija,spotify:track:2Qa8YytQ9QaF8NodoKC2Vi,Orbit Culture,"297,776",Very Proud,Slightly positive,High energy,0,1,0,High,Mostly,36fc3537e5628476
0,0,0,3388,107,21/11/2022 19:26:42,3D Woman,spotify:track:1BNJP9eruFJyNKvbe6J2m7,JAMIE,25040,2,5,Happy,5,1,1,0,Only me (headphones),Travelling / commuting,Walking (recreational),21/11/2022 19:26:47,3D Woman,spotify:track:1BNJP9eruFJyNKvbe6J2m7,JAMIE,29833,21/11/2022 19:42:53,Loveholic's hangover (feat. Sam Kim),spotify:track:2FmByq9VHuQ0N7A8KMmQCg,BIBI,"115,237",2,5,5,0,3,6,3,6,5,Tekemiseni vuoksi (tämän hetkisen tekemiseni),Activity,Tekemiseni taustamusiikkina,For background to what I'm doing,"Yes, completely",,,21/11/2022 19:43:04,Loveholic's hangover (feat. Sam Kim),spotify:track:2FmByq9VHuQ0N7A8KMmQCg,BIBI,"126,299",Very Happy,Positive,High energy,1,0,0,High,Completely,0e784132940addb0
-1,0,0,3377,107,22/11/2022 07:26:48,Kuolleiden laulu,spotify:track:0t9PtU9EMhyLLlgjn7gg8o,Kuolemanlaakso,132222,1,5,Confident,5,1,1,1,Only me (headphones),Travelling / commuting,In a car (commute),22/11/2022 07:26:52,Kuolleiden laulu,spotify:track:0t9PtU9EMhyLLlgjn7gg8o,Kuolemanlaakso,136567,22/11/2022 07:32:32,Pain Remains III: In a Sea of Fire,spotify:track:6wgKN7mUq1CvQBnQKzjeKt,Lorna Shore,"259,319",0,5,5,-3,6,5,5,5,5,Keskittyäkseni musiikkiin,MusicFocus,Arvostaakseni taidetta / kauneutta,To appreciate art / beauty,"Yes, mostly",,,22/11/2022 07:32:40,Pain Remains III: In a Sea of Fire,spotify:track:6wgKN7mUq1CvQBnQKzjeKt,Lorna Shore,"267,371",Very Confident,Slightly positive,High energy,0,-1,0,High,Mostly,36fc3537e5628476
0,0,0,3388,107,22/11/2022 08:24:06,Who Are You (Feat. SEULGI of Red Velvet),spotify:track:1IjWbIMe1uXqp9tDfC3QLL,BamBam,11413,2,5,Happy,5,1,1,0,Only me (headphones),Travelling / commuting,Walking (commute),22/11/2022 08:24:07,Who Are You (Feat. SEULGI of Red Velvet),spotify:track:1IjWbIMe1uXqp9tDfC3QLL,BamBam,12535,22/11/2022 08:42:39,ANTIFRAGILE,spotify:track:4fsQ0K37TOXa3hEQfjEic1,LE SSERAFIM,"18,750",2,5,5,2,4,6,2,6,6,Tekemiseni vuoksi (tämän hetkisen tekemiseni),Activity,Tekemiseni taustamusiikkina,For background to what I'm doing,"Yes, completely",,,22/11/2022 08:42:40,ANTIFRAGILE,spotify:track:4fsQ0K37TOXa3hEQfjEic1,LE SSERAFIM,"20,054",Very Happy,Positive,High energy,1,0,0,Very high,Completely,0e784132940addb0
1,-1,0,3383,107,22/11/2022 10:18:45,Lose Control,spotify:track:70JpMCSGSHQ0gB1IARwoL1,Symphonix,15335,3,7,Delighted,7,1,1,0,Only me (headphones),Travelling / commuting,In a car (commute),22/11/2022 10:18:49,Lose Control,spotify:track:70JpMCSGSHQ0gB1IARwoL1,Symphonix,19637,22/11/2022 10:24:28,A Girl Like You,spotify:track:6XOINCZBv8Q7RXgNNiTwIN,Edwyn Collins,"15,107",4,6,7,4,6,7,7,7,7,Tekemiseni vuoksi (tämän hetkisen tekemiseni),Activity,Vastaamaan nykyisen toimintani energiaa,To match energy of current activity,"Yes, completely",,,22/11/2022 10:24:30,A Girl Like You,spotify:track:6XOINCZBv8Q7RXgNNiTwIN,Edwyn Collins,"17,228",Extremely Delighted,Very positive,Extremely low energy,1,1,-1,Extremely high,Completely,ec20234090be324c
0,1,0,3388,107,22/11/2022 15:00:47,Wet Nightmare,spotify:track:1MCRRGM8G6papoKnE7xtLN,BIBI,17518,2,4,Happy,5,1,1,0,Only me (headphones),Travelling / commuting,Walking (commute),22/11/2022 15:00:48,Wet Nightmare,spotify:track:1MCRRGM8G6papoKnE7xtLN,BIBI,18514,22/11/2022 15:15:17,Tippy Toes,spotify:track:1MKmSbQfJpEVnC3XfGywyF,XG,"39,085",2,5,5,2,5,5,7,6,6,Tekemiseni vuoksi (tämän hetkisen tekemiseni),Activity,Tekemiseni taustamusiikkina,For background to what I'm doing,"Yes, mostly",,,22/11/2022 15:15:19,Tippy Toes,spotify:track:1MKmSbQfJpEVnC3XfGywyF,XG,"40,922",Very Happy,Positive,Medium energy,1,0,1,Very high,Mostly,0e784132940addb0
0,1,0,3383,107,22/11/2022 16:04:49,Elemental,spotify:track:2yx33cf8wV4gCCVip2vKMo,Freaks & Geeks,24094,3,5,Proud,6,1,0,0,Only me (headphones),Travelling / commuting,On transport: nothing,22/11/2022 16:04:51,Elemental,spotify:track:2yx33cf8wV4gCCVip2vKMo,Freaks & Geeks,26346,22/11/2022 16:10:32,Lose Control,spotify:track:70JpMCSGSHQ0gB1IARwoL1,Symphonix,"31,350",3,6,6,4,7,7,7,7,7,Tekemiseni vuoksi (tämän hetkisen tekemiseni),Activity,Nauttiakseni siitä mitä teen,For enjoyment of what I'm doing,"Yes, completely",,,22/11/2022 16:10:39,Lose Control,spotify:track:70JpMCSGSHQ0gB1IARwoL1,Symphonix,"6,188",Very Proud,Very positive,High energy,1,0,1,Extremely high,Completely,ec20234090be324c
0,0,-1,3377,107,22/11/2022 16:45:41,Under the Sun / Every Day Comes and Goes,spotify:track:6N6x5fAIHL0BVYz9h53nH7,Black Sabbath,24912,2,5,Excited,6,1,1,1,,,Other: ,22/11/2022 16:45:43,Under the Sun / Every Day Comes and Goes,spotify:track:6N6x5fAIHL0BVYz9h53nH7,Black Sabbath,27072,22/11/2022 16:53:14,Peace Sells - Remastered,spotify:track:3090goAxG6IlpCifA8m9xB,Megadeth,"124,382",2,5,5,,,,,,,Mielialani vuoksi (Innoissani),Mood,Jotta olisin enemmän Innoissani,To feel more <Mood>,,,,,,,,,Very Excited,Positive,High energy,-1,0,0,,,36fc3537e5628476
-1,-1,2,3387,107,22/11/2022 19:31:07,Lent,spotify:track:3eonvnYEnoZHwmfTQrGf0q,Autoheart,67687,-2,3,Ashamed,5,0,0,0,Only me (headphones),Other (outside),Nothing / waiting,22/11/2022 19:31:08,Lent,spotify:track:3eonvnYEnoZHwmfTQrGf0q,Autoheart,68564,22/11/2022 19:40:32,(Don't Fear) The Reaper,spotify:track:5QTxFnGygVM4jFQiBovmRo,Blue Öyster Cult,"30,639",-3,2,7,-3,3,7,7,7,7,Tekemiseni vuoksi (tämän hetkisen tekemiseni),Activity,Tekemiseni taustamusiikkina,For background to what I'm doing,"Yes, completely",,,22/11/2022 19:40:34,(Don't Fear) The Reaper,spotify:track:5QTxFnGygVM4jFQiBovmRo,Blue Öyster Cult,"33,111",Very Ashamed,Negative,Low energy,0,-1,-1,Extremely high,Completely,d0c6b1006f2c5b23
0,0,-1,3377,107,23/11/2022 07:30:38,This Is It,spotify:track:4TEtqylSt1QhGBEfSi6tWA,Nekrogoblikon,83931,1,5,Tired,5,1,1,-1,Only me (headphones),Travelling / commuting,In a car (commute),23/11/2022 07:30:40,This Is It,spotify:track:4TEtqylSt1QhGBEfSi6tWA,Nekrogoblikon,85764,23/11/2022 07:36:28,Endarkenment,spotify:track:2IUO6hWyrG7FYDkJZrFpQP,Anaal Nathrakh,"192,732",1,5,4,-4,7,6,6,6,5,Nostaakseni vireystilaani,RaiseEnergy,Nostaakseni vireystilaani,To raise energy of current activity,"Yes, mostly",Thoughts,Seeking comfort in music,23/11/2022 07:36:33,Endarkenment,spotify:track:2IUO6hWyrG7FYDkJZrFpQP,Anaal Nathrakh,"197,310",Very Tired,Slightly positive,High energy,1,0,0,High,Mostly,36fc3537e5628476
0,0,0,3388,107,23/11/2022 08:27:23,LIMBO!,spotify:track:0I9SiHgJ8DTwAIoJPLn81c,NATURE,23737,2,4,Happy,5,1,1,0,Only me (headphones),Travelling / commuting,Walking (commute),23/11/2022 08:27:23,LIMBO!,spotify:track:0I9SiHgJ8DTwAIoJPLn81c,NATURE,24562,23/11/2022 08:43:49,Maria,spotify:track:0ZeGfEAL5Rl4pd5LZBGuEK,Hwa Sa,"54,118",2,4,5,2,5,6,7,6,6,Tekemiseni vuoksi (tämän hetkisen tekemiseni),Activity,Tekemiseni taustamusiikkina,For background to what I'm doing,"Yes, completely",,,23/11/2022 08:43:51,Maria,spotify:track:0ZeGfEAL5Rl4pd5LZBGuEK,Hwa Sa,"55,966",Very Happy,Positive,Medium energy,1,0,0,Very high,Completely,0e784132940addb0
0,1,0,3388,107,23/11/2022 15:00:17,What is Love?,spotify:track:5m95gCTAiHshTaajznt5fA,TWICE,25091,1,4,Neutral,,1,1,0,Only me (headphones),Travelling / commuting,Walking (commute),23/11/2022 15:00:18,What is Love?,spotify:track:5m95gCTAiHshTaajznt5fA,TWICE,26211,23/11/2022 15:16:03,Illusion,spotify:track:5uFqjHOo3Sh0bVPCKf3DdH,aespa,"63,762",1,5,,2,6,5,7,7,6,Tekemiseni vuoksi (tämän hetkisen tekemiseni),Activity,Tekemiseni taustamusiikkina,For background to what I'm doing,"Yes, mostly",,,23/11/2022 15:16:05,Illusion,spotify:track:5uFqjHOo3Sh0bVPCKf3DdH,aespa,"65,364",Neutral,Slightly positive,Medium energy,1,0,1,Very high,Mostly,0e784132940addb0
0,1,0,3385,107,24/11/2022 07:12:24,Varpunen jouluaamuna,spotify:track:6zAQuHIi9gENYJTYuwJmvU,Suvi Teräsniska,26810,1,3,Tired,5,1,1,-1,Only me (speakers),Home,Grooming / self-care,24/11/2022 07:12:27,Varpunen jouluaamuna,spotify:track:6zAQuHIi9gENYJTYuwJmvU,Suvi Teräsniska,29612,24/11/2022 07:18:59,Tule meille jouluksi,spotify:track:4WfcvoGZvyUysZBiO7DtAP,Jenni Vartiainen,"9,250",1,4,5,-1,2,5,7,5,5,Nostaakseni vireystilaani,RaiseEnergy,Nostaakseni vireystilaani,To raise energy of current activity,"Yes, a little",Entertain,Shutting off my thoughts,24/11/2022 07:19:01,Tule meille jouluksi,spotify:track:4WfcvoGZvyUysZBiO7DtAP,Jenni Vartiainen,"11,586",Very Tired,Slightly positive,Low energy,0,0,1,High,Slightly,a652bf1d62b29429
0,0,0,3377,107,24/11/2022 07:35:13,Minä elän,spotify:track:4n90ywGSSTUE1I1L9F1LzA,Kuolemanlaakso,20657,1,5,Motivated,5,1,1,1,Only me (headphones),Work,Focused music listening,24/11/2022 07:35:16,Minä elän,spotify:track:4n90ywGSSTUE1I1L9F1LzA,Kuolemanlaakso,23438,24/11/2022 07:59:45,Roihusydän,spotify:track:7Bb7q8GWGkO8sCJYKfgi19,Kuolemanlaakso,"103,440",1,5,5,-1,3,4,5,5,5,Tavan vuoksi / Ajankuluksi,Boredom,Pysyäkseni rutiinissa,To keep a routine,"Yes, mostly",,,24/11/2022 07:59:49,Roihusydän,spotify:track:7Bb7q8GWGkO8sCJYKfgi19,Kuolemanlaakso,"103,440",Very Motivated,Slightly positive,High energy,0,0,0,High,Mostly,36fc3537e5628476
0,0,0,3388,107,24/11/2022 08:26:59,TOKYO 4AM,spotify:track:3lbZM8EtM1dnZDunARwI1N,CHANMINA,25242,2,4,Happy,5,1,1,0,Only me (headphones),Travelling / commuting,Walking (commute),24/11/2022 08:27:01,TOKYO 4AM,spotify:track:3lbZM8EtM1dnZDunARwI1N,CHANMINA,26956,24/11/2022 08:36:32,DAWNDIDIDAWN (Feat. Jessi),spotify:track:0RxXtH5F2JaHUMMaJ5X6Zp,DAWN 던,"31,799",2,4,5,2,6,5,7,6,6,Tekemiseni vuoksi (tämän hetkisen tekemiseni),Activity,Tekemiseni taustamusiikkina,For background to what I'm doing,"Yes, mostly",,,24/11/2022 08:36:33,DAWNDIDIDAWN (Feat. Jessi),spotify:track:0RxXtH5F2JaHUMMaJ5X6Zp,DAWN 던,"32,825",Very Happy,Positive,Medium energy,1,0,0,Very high,Mostly,0e784132940addb0
0,0,0,"3,383",107,25/11/2022 08:10:28,POLO,spotify:track:79Nple3hrqZj3a9Az8SzsG,DBN Gogo,9426,4,7,Excited,6,0,0,0,Only me (headphones),Travelling / commuting,In a car (commute),25/11/2022 08:10:29,POLO,spotify:track:79Nple3hrqZj3a9Az8SzsG,DBN Gogo,10433,25/11/2022 08:30:08,Voyager,spotify:track:2cAUqCYy4RWU3cJyvVga2Z,Fakear,"33,203",4,7,6,3,6,7,1,5,7,Keskittyäkseni musiikkiin,MusicFocus,Kuunnellakseni minulle ehdotettua musiikkia,To hear music suggested to me,"Yes, completely",,,25/11/2022 08:30:10,Voyager,spotify:track:2cAUqCYy4RWU3cJyvVga2Z,Fakear,"35,374",Very Excited,Extremely positive,Extremely low energy,1,1,1,Extremely high,Completely,ec20234090be324c
1,0,1,3386,98,25/11/2022 08:26:04,Hurricane,spotify:track:7FLVnDMOZXKRFgRM3C4aUG,Thirty Seconds To Mars,54992,2,5,Motivated,5,0,0,0,Only me (headphones),Travelling / commuting,In a car (commute),25/11/2022 08:26:05,Hurricane,spotify:track:7FLVnDMOZXKRFgRM3C4aUG,Thirty Seconds To Mars,56220,25/11/2022 08:33:44,Skyfall,spotify:track:6VObnIkLVruX4UVyxWhlqm,Adele,"12,169",3,5,6,2,6,7,7,7,6,For entertainment / enjoyment,Enjoyment,For entertainment,For entertainment,"Yes, completely",,,25/11/2022 08:33:45,Skyfall,spotify:track:6VObnIkLVruX4UVyxWhlqm,Adele,"13,967",Very Motivated,Positive,High energy,1,1,1,Very high,Completely,71403c56a575c7e8
1,0,0,"3,387",107,25/11/2022 11:33:44,Occapella,spotify:track:1hxbW2aQxmFSChaFeOeD5K,Ringo Starr,12479,3,5,Happy,7,0,0,1,Only me (headphones),Travelling / commuting,Walking (commute),25/11/2022 11:33:46,Occapella,spotify:track:1hxbW2aQxmFSChaFeOeD5K,Ringo Starr,14291,25/11/2022 11:39:52,All By Myself,spotify:track:2ppwkqJRDKstWjydeTNvvU,Ringo Starr,"29,412",4,5,7,1,5,5,5,6,7,Mielialani vuoksi (Iloinen),Mood,Jotta olisin enemmän Iloinen,To feel more <Mood>,"Yes, completely",Entertain,Shutting off my thoughts,25/11/2022 11:40:01,All By Myself,spotify:track:2ppwkqJRDKstWjydeTNvvU,Ringo Starr,"4,473",Extremely Happy,Very positive,High energy,0,1,1,Extremely high,Completely,d0c6b1006f2c5b23
0,0,1,3386,98,27/11/2022 11:50:31,A Cruel Angel's Thesis,spotify:track:6VHVqZKO7yQdAyvr3jmssf,Rachie,20206,3,6,Motivated,5,0,0,0,Only me (speakers),Home,Grooming / self-care,27/11/2022 11:50:33,A Cruel Angel's Thesis,spotify:track:6VHVqZKO7yQdAyvr3jmssf,Rachie,21926,27/11/2022 12:16:04,Run Boy Run,spotify:track:0boS4e6uXwp3zAvz1mLxZS,Woodkid,"21,260",3,6,6,3,6,7,7,7,6,For what I am doing (current activity),Activity,For background to what I'm doing,For background to <Activity>,"Yes, completely",,,27/11/2022 12:16:13,Hurricane,spotify:track:7FLVnDMOZXKRFgRM3C4aUG,Thirty Seconds To Mars,"5,785",Very Motivated,Very positive,Very high energy,1,1,1,Very high,Completely,71403c56a575c7e8
0,1,-2,3377,107,27/11/2022 16:27:46,Haamupuhelu,spotify:track:7kSHS3Lp7NnoB2TeeRpGo5,Pariisin Kevät,48860,1,3,Lazy,5,1,1,-1,Partner / spouse,Travelling / commuting,On transport: socialising,27/11/2022 16:28:12,Haamupuhelu,spotify:track:7kSHS3Lp7NnoB2TeeRpGo5,Pariisin Kevät,75336,27/11/2022 16:35:36,Paska meininki (Ässä hihassa),spotify:track:1CkvhIOkXLigXLCxfBlio7,Apulanta,"54,403",1,4,3,-2,5,5,4,5,5,Kuunnellakseni muiden kanssa,WithOthers,Luodakseni tunnetilan / tunnelman,To set the mood / atmosphere,"Yes, mostly",,,27/11/2022 16:35:43,Paska meininki (Ässä hihassa),spotify:track:1CkvhIOkXLigXLCxfBlio7,Apulanta,"61,225",Very Lazy,Slightly positive,Low energy,1,0,1,High,Mostly,36fc3537e5628476
-1,0,0,3386,98,28/11/2022 07:59:16,Sakura Nagashi,spotify:track:3VIpKHfPHS8zp5ziJdB66m,Mikutan,41946,2,3,Confident,6,0,0,0,Only me (headphones),Travelling / commuting,In a car (commute),28/11/2022 07:59:17,Sakura Nagashi,spotify:track:3VIpKHfPHS8zp5ziJdB66m,Mikutan,43065,28/11/2022 08:10:35,Excuse Me,spotify:track:5fJKYUXB7Me0V0QnKNaIil,Nothing But Thieves,"72,991",1,3,6,-2,6,7,6,5,5,For entertainment / enjoyment,Enjoyment,For entertainment,For entertainment,"Yes, mostly",,,28/11/2022 08:10:37,Excuse Me,spotify:track:5fJKYUXB7Me0V0QnKNaIil,Nothing But Thieves,"74,892",Very Confident,Positive,Low energy,1,-1,1,High,Mostly,71403c56a575c7e8
2,0,1,3386,98,29/11/2022 08:21:01,ふたつの鼓動と赤い罪,spotify:track:6W5dwd1sX0xwXrqcBGdD21,ON/OFF,4905,0,2,Tired,5,1,1,-1,Only me (headphones),Travelling / commuting,In a car (commute),29/11/2022 08:21:01,ふたつの鼓動と赤い罪,spotify:track:6W5dwd1sX0xwXrqcBGdD21,ON/OFF,5663,29/11/2022 08:26:31,Bird,spotify:track:3vERGE1NTOVR0JF3zCPRNb,Yuya Matsushita,"216,771",2,2,6,2,3,7,7,7,6,For entertainment / enjoyment,Enjoyment,For entertainment,For entertainment,"Yes, completely",,,29/11/2022 08:26:32,Bird,spotify:track:3vERGE1NTOVR0JF3zCPRNb,Yuya Matsushita,"217,987",Very Tired,Neutral,Very low energy,-1,1,0,Very high,Completely,71403c56a575c7e8
0,0,1,3386,98,30/11/2022 08:19:56,Limitless,spotify:track:5tlEdwchck1vwMCNzxj9xd,Amaranthe,37185,2,5,Confident,5,0,0,0,Only me (headphones),Travelling / commuting,In a car (commute),30/11/2022 08:19:57,Limitless,spotify:track:5tlEdwchck1vwMCNzxj9xd,Amaranthe,37806,30/11/2022 08:29:20,Step by Step,spotify:track:5EE57hdVbfwSnLOywQYQrS,Kenta Dedachi,"37,174",2,5,6,3,5,7,3,5,6,For entertainment / enjoyment,Enjoyment,For entertainment,For entertainment,"Yes, mostly",,,30/11/2022 08:29:21,Step by Step,spotify:track:5EE57hdVbfwSnLOywQYQrS,Kenta Dedachi,"38,310",Very Confident,Positive,High energy,1,1,1,Very high,Mostly,71403c56a575c7e8
0,1,1,3433,109,02/12/2022 17:58:33,Skyfall,spotify:track:6VObnIkLVruX4UVyxWhlqm,Adele,77900,2,3,Happy,4,0,0,1,Only me (headphones),Home,Nothing / waiting,02/12/2022 17:58:37,Skyfall,spotify:track:6VObnIkLVruX4UVyxWhlqm,Adele,81945,02/12/2022 18:06:15,Pokka,spotify:track:17QAMdhDeJN1s36OjtaI5w,Irina,"41,137",2,4,5,0,4,6,6,6,5,Rentoutuakseni / Rauhoittuakseni,Relax,Rauhoittuakseni,To calm down,"Yes, a little",Distract,Shutting off my thoughts,02/12/2022 18:06:22,Pokka,spotify:track:17QAMdhDeJN1s36OjtaI5w,Irina,"48,149",Somewhat Happy,Positive,Low energy,1,1,1,High,Slightly,51c7b9cc2b65e994
2,0,0,3433,109,02/12/2022 23:09:47,POIKA,spotify:track:1SdP8LKYg11BTipeTgnzHd,Aleksanteri Hakaniemi,39199,-2,2,Tired,6,1,0,0,Only me (headphones),Home,Relaxing / meditating,02/12/2022 23:09:54,POIKA,spotify:track:1SdP8LKYg11BTipeTgnzHd,Aleksanteri Hakaniemi,46448,02/12/2022 23:16:33,Kulta pieni,,Johanna Kurkela,"52,851",0,2,6,-2,2,7,7,7,5,Mielialani vuoksi (Väsynyt),Mood,Vähentääkseni stressiä / ahdistusta,To reduce stress / anxiety,"Yes, mostly",Distract,Shutting off my thoughts,02/12/2022 23:16:36,Kulta pieni,,Johanna Kurkela,"55,924",Very Tired,Negative,Very low energy,1,1,1,High,Mostly,51c7b9cc2b65e994
-2,0,1,3433,109,04/12/2022 11:29:26,Yksin,,Lore,24721,4,6,Excited,5,1,0,0,Only me (headphones),Home,Housework,04/12/2022 11:29:28,Yksin,,Lore,26906,04/12/2022 11:37:35,No Time To Die,,Billie Eilish,"105,255",2,6,6,0,5,6,3,5,3,Viihtyäkseni / nauttiakseni,Enjoyment,Nauttimisen / Mielihyvän vuoksi,For enjoyment / pleasure,"Yes, completely",,,04/12/2022 11:37:37,No Time To Die,,Billie Eilish,"107,176",Very Excited,Extremely positive,Very high energy,1,-1,1,Low,Completely,51c7b9cc2b65e994
0,0,0,3386,98,04/12/2022 14:44:30,scaPEGoat,spotify:track:70MRLhyWZJ5M8QysieavTx,SawanoHiroyuki[nZk],11962,2,3,Tired,5,0,0,0,Only me (headphones),Travelling / commuting,On bus / train / plane,04/12/2022 14:44:31,scaPEGoat,spotify:track:70MRLhyWZJ5M8QysieavTx,SawanoHiroyuki[nZk],12588,04/12/2022 14:50:05,輪廻-ロンド-,spotify:track:5YkordopfoRzJn5HK1AGui,ON/OFF,"80,909",2,3,5,2,6,7,7,7,6,For entertainment / enjoyment,Enjoyment,For entertainment,For entertainment,"Yes, completely",,,04/12/2022 14:50:13,輪廻-ロンド-,spotify:track:5YkordopfoRzJn5HK1AGui,ON/OFF,"88,852",Very Tired,Positive,Low energy,1,1,1,Very high,Completely,71403c56a575c7e8
0,1,0,3433,109,05/12/2022 08:41:55,Katujen Kuningatar,,Irina,34080,0,2,Tired,5,0,1,1,Only me (headphones),Travelling / commuting,In a car (commute),05/12/2022 08:41:59,Katujen Kuningatar,,Irina,37847,05/12/2022 08:50:56,Älä pyydä mua takas enää,,costee,"95,845",0,3,5,-2,5,7,6,6,4,Nostaakseni vireystilaani,RaiseEnergy,Nostaakseni vireystilaani,To raise energy of current activity,"Yes, mostly",Thoughts,Accepting my thoughts,05/12/2022 08:50:58,Älä pyydä mua takas enää,,costee,"97,650",Very Tired,Neutral,Very low energy,0,1,1,Medium,Mostly,51c7b9cc2b65e994
0,0,1,3433,109,05/12/2022 16:08:12,Funeral Song (Vain elämää kausi 9),,Ellinoora,19814,3,5,Happy,5,0,0,1,Only me (headphones),Home,Nothing / waiting,05/12/2022 16:08:28,Funeral Song (Vain elämää kausi 9),,Ellinoora,35709,05/12/2022 16:14:39,Päästä ne pois,spotify:track:5hKFQZfYJoTZ23lRcKTU7C,Samuli Edelmann,"61,979",3,5,6,1,5,5,3,4,3,Tekemiseni vuoksi (tämän hetkisen tekemiseni),Activity,Keskittyäkseni,For focus / concentration,"Yes, mostly",,,05/12/2022 16:14:40,Päästä ne pois,spotify:track:5hKFQZfYJoTZ23lRcKTU7C,Samuli Edelmann,"63,082",Very Happy,Very positive,High energy,1,1,1,Low,Mostly,51c7b9cc2b65e994